<DBTransporter Version="3.0">
  <Header>
    <Parameter Name="Edition">CCC</Parameter>
    <Parameter Name="Version">9.2.1.396</Parameter>
    <Parameter Name="ExportDate">2025-06-17 12:03:02</Parameter>
    <Parameter Name="Display">TSTAVGIAMACC.test.umcn.nl,50957\OneIM</Parameter>
    <Parameter Name="DBSystem">MSSQL</Parameter>
    <Parameter Name="DBServer">TSTIAMSQLCLNA01\IAMACC</Parameter>
    <Parameter Name="DBName">OneIM</Parameter>
    <Parameter Name="UserDisplay">KostasO</Parameter>
    <Parameter Name="UserName">KostasO</Parameter>
    <Parameter Name="Description">Extend CCC_JobAutoStart_OracleHR_Import to calculate template accountDIsabled for ADSAccount as final process step</Parameter>
    <Parameter Name="Parts">Common</Parameter>
    <Parameter Name="Costs">S0|C17|D0</Parameter>
    <Parameter Name="Modules">CCC,QBM</Parameter>
  </Header>
  <Tasks>
    <Task Class="VI.Transport.TagTransport, VI.Transport" Display="TagTransport">
      <Parameter Name="Costs">S0|C17|D0</Parameter>
      <Parameter Name="TaskPath">TagTransport</Parameter>
      <Parameter Name="LockTags">True</Parameter>
      <Parameter Name="UseRelations">True</Parameter>
    </Task>
  </Tasks>
  <Modules>
    <Module Id="CCC" Name="Customer configured content" Version="9.2.1.396" />
    <Module Id="QBM" Name="Configuration Module" Version="9.2.1.396" />
  </Modules>
</DBTransporter>