﻿<!DOCTYPE ObjectContainer>
<Container>
   <BaseObject><Key>
  <Table Name="DialogTag" Display="142.RUMC.ADSAccountTemplRecalc.stelios" Key="CCC-3BCB6DA974F39D4A904A78836F291813">
    <Prop Name="UID_DialogTag">
      <Value>CCC-3BCB6DA974F39D4A904A78836F291813</Value>
    </Prop>
  </Table>
</Key></BaseObject>
   <DeleteResiduals>true</DeleteResiduals>
   <Relations>
      <Relation Table="DialogTaggedItem" Column="UID_DialogTag" Direction="Both" />
      <Relation Table="QBMTaggedChange" Column="UID_DialogTag" Direction="Both" />
   </Relations>
   <DbObjects>
      <DbObject Display="142.RUMC.ADSAccountTemplRecalc.stelios" Version="2">
         <Key>
            <Table Name="DialogTag" Display="142.RUMC.ADSAccountTemplRecalc.stelios" Key="CCC-3BCB6DA974F39D4A904A78836F291813">
               <Prop Name="UID_DialogTag">
                  <Value>CCC-3BCB6DA974F39D4A904A78836F291813</Value>
               </Prop>
            </Table>
         </Key>
         <Columns>
            <Column Name="Commentary">
               <Value />
            </Column>
            <Column Name="CurrentState">
               <Value />
            </Column>
            <Column Name="CurrentStateRemarks">
               <Value />
            </Column>
            <Column Name="Description">
               <Value />
            </Column>
            <Column Name="Ident_DialogTag" Display="142.RUMC.ADSAccountTemplRecalc.stelios">
               <Value>142.RUMC.ADSAccountTemplRecalc.stelios</Value>
            </Column>
            <Column Name="IsClosed" Display="False">
               <Value>False</Value>
            </Column>
            <Column Name="SortOrder">
               <Value />
            </Column>
            <Column Name="TagType" Display="Change">
               <Value>CHANGE</Value>
            </Column>
            <Column Name="UID_DialogTag" Display="CCC-3BCB6DA974F39D4A904A78836F291813">
               <Value>CCC-3BCB6DA974F39D4A904A78836F291813</Value>
            </Column>
            <Column Name="UID_DialogTagParent">
               <Value />
            </Column>
            <Column Name="XDateInserted" Display="6/17/2025 10:01:26 AM">
               <Value>2025-06-17T08:01:26.5930000Z</Value>
            </Column>
            <Column Name="XDateUpdated" Display="6/17/2025 10:01:26 AM">
               <Value>2025-06-17T08:01:26.5930000Z</Value>
            </Column>
            <Column Name="XMarkedForDeletion">
               <Value>0</Value>
            </Column>
            <Column Name="XObjectKey" Display="&lt;Key&gt;&lt;T&gt;DialogTag&lt;/T&gt;&lt;P&gt;CCC-3BCB6DA974F39D4A904A78836F291813&lt;/P&gt;&lt;/Key&gt;">
               <Value>&lt;Key&gt;&lt;T&gt;DialogTag&lt;/T&gt;&lt;P&gt;CCC-3BCB6DA974F39D4A904A78836F291813&lt;/P&gt;&lt;/Key&gt;</Value>
            </Column>
            <Column Name="XTouched">
               <Value />
            </Column>
            <Column Name="XUserInserted" Display="SteliosK">
               <Value>SteliosK</Value>
            </Column>
            <Column Name="XUserUpdated" Display="SteliosK">
               <Value>SteliosK</Value>
            </Column>
         </Columns>
      </DbObject>
      <DbObject Display="CCC-3BCB6DA974F39D4A904A78836F291813 - &lt;Key&gt;&lt;T&gt;Job&lt;/T&gt;&lt;P&gt;CCC-41E1DD5CB7B86C42B26C0A1336C00B02&lt;/P&gt;&lt;/Key&gt;" Version="2">
         <Key>
            <Table Name="QBMTaggedChange" Display="CCC-3BCB6DA974F39D4A904A78836F291813 - &lt;Key&gt;&lt;T&gt;Job&lt;/T&gt;&lt;P&gt;CCC-41E1DD5CB7B86C42B26C0A1336C00B02&lt;/P&gt;&lt;/Key&gt;" Key="CCC-57CB11A532C37C4296F0169B476D87DC">
               <Prop Name="UID_QBMTaggedChange">
                  <Value>CCC-57CB11A532C37C4296F0169B476D87DC</Value>
               </Prop>
            </Table>
         </Key>
         <Columns>
            <Column Name="ChangeContent" Display="&lt;Diff&gt;&lt;Data State=&quot;Loaded, PermissionBased&quot; /&gt;&lt;Op Columnname=&quot;IsForHistory&quot; Type=&quot;Value&quot; ValType=&quot;Bool&quot; AlreadyApplied=&quot;True&quot;&gt;&lt;OldValue&gt;False&lt;/OldValue&gt;&lt;Value&gt;True&lt;/Value&gt;&lt;/Op&gt;&lt;Op Columnname=&quot;Name&quot; Type=&quot;Value&quot; ValType=&quot;String&quot; AlreadyApplied=&quot;True&quot;&gt;&lt;OldValue&gt;Recalculate Person templates_1&lt;/OldValue&gt;&lt;Value&gt;Recalculate ADSAccount templates&lt;/Value&gt;&lt;/Op&gt;&lt;/Diff&gt;">
               <Value>&lt;Diff&gt;&lt;Data State="Loaded, PermissionBased" /&gt;&lt;Op Columnname="IsForHistory" Type="Value" ValType="Bool" AlreadyApplied="True"&gt;&lt;OldValue&gt;False&lt;/OldValue&gt;&lt;Value&gt;True&lt;/Value&gt;&lt;/Op&gt;&lt;Op Columnname="Name" Type="Value" ValType="String" AlreadyApplied="True"&gt;&lt;OldValue&gt;Recalculate Person templates_1&lt;/OldValue&gt;&lt;Value&gt;Recalculate ADSAccount templates&lt;/Value&gt;&lt;/Op&gt;&lt;/Diff&gt;</Value>
            </Column>
            <Column Name="ObjectKey" Display="&lt;Key&gt;&lt;T&gt;Job&lt;/T&gt;&lt;P&gt;CCC-41E1DD5CB7B86C42B26C0A1336C00B02&lt;/P&gt;&lt;/Key&gt;">
               <Value>&lt;Key&gt;&lt;T&gt;Job&lt;/T&gt;&lt;P&gt;CCC-41E1DD5CB7B86C42B26C0A1336C00B02&lt;/P&gt;&lt;/Key&gt;</Value>
            </Column>
            <Column Name="SortOrder" Display="3721537362591774">
               <Value>3721537362591774</Value>
            </Column>
            <Column Name="UID_DialogTag" Display="CCC-3BCB6DA974F39D4A904A78836F291813">
               <Key>
                  <Table Name="DialogTag" Display="142.RUMC.ADSAccountTemplRecalc.stelios" Key="CCC-3BCB6DA974F39D4A904A78836F291813">
                     <Prop Name="UID_DialogTag">
                        <Value>CCC-3BCB6DA974F39D4A904A78836F291813</Value>
                     </Prop>
                  </Table>
               </Key>
            </Column>
            <Column Name="UID_QBMTaggedChange" Display="CCC-57CB11A532C37C4296F0169B476D87DC">
               <Value>CCC-57CB11A532C37C4296F0169B476D87DC</Value>
            </Column>
            <Column Name="XDateInserted" Display="6/17/2025 10:02:16 AM">
               <Value>2025-06-17T08:02:16.2670000Z</Value>
            </Column>
            <Column Name="XDateUpdated" Display="6/17/2025 10:02:16 AM">
               <Value>2025-06-17T08:02:16.2670000Z</Value>
            </Column>
            <Column Name="XMarkedForDeletion">
               <Value>0</Value>
            </Column>
            <Column Name="XObjectKey" Display="&lt;Key&gt;&lt;T&gt;QBMTaggedChange&lt;/T&gt;&lt;P&gt;CCC-57CB11A532C37C4296F0169B476D87DC&lt;/P&gt;&lt;/Key&gt;">
               <Value>&lt;Key&gt;&lt;T&gt;QBMTaggedChange&lt;/T&gt;&lt;P&gt;CCC-57CB11A532C37C4296F0169B476D87DC&lt;/P&gt;&lt;/Key&gt;</Value>
            </Column>
            <Column Name="XTouched">
               <Value />
            </Column>
            <Column Name="XUserInserted" Display="SteliosK">
               <Value>SteliosK</Value>
            </Column>
            <Column Name="XUserUpdated" Display="SteliosK">
               <Value>SteliosK</Value>
            </Column>
         </Columns>
      </DbObject>
      <DbObject Display="CCC-3BCB6DA974F39D4A904A78836F291813 - &lt;Key&gt;&lt;T&gt;Job&lt;/T&gt;&lt;P&gt;CCC-41E1DD5CB7B86C42B26C0A1336C00B02&lt;/P&gt;&lt;/Key&gt;" Version="2">
         <Key>
            <Table Name="QBMTaggedChange" Display="CCC-3BCB6DA974F39D4A904A78836F291813 - &lt;Key&gt;&lt;T&gt;Job&lt;/T&gt;&lt;P&gt;CCC-41E1DD5CB7B86C42B26C0A1336C00B02&lt;/P&gt;&lt;/Key&gt;" Key="CCC-F36D028BD82A2048949BFB930202225B">
               <Prop Name="UID_QBMTaggedChange">
                  <Value>CCC-F36D028BD82A2048949BFB930202225B</Value>
               </Prop>
            </Table>
         </Key>
         <Columns>
            <Column Name="ChangeContent" Display="&lt;Diff&gt;&lt;Data State=&quot;PermissionBased&quot; /&gt;&lt;Op Columnname=&quot;IsToFreezeOnError&quot; Type=&quot;Value&quot; ValType=&quot;Bool&quot; AlreadyApplied=&quot;True&quot;&gt;&lt;OldValue&gt;False&lt;/OldValue&gt;&lt;Value&gt;True&lt;/Value&gt;&lt;/Op&gt;&lt;Op Columnname=&quot;Name&quot; Type=&quot;Value&quot; ValType=&quot;String&quot; AlreadyApplied=&quot;True&quot;&gt;&lt;OldValue /&gt;&lt;Value&gt;Recalculate Person templates_1&lt;/Value&gt;&lt;/Op&gt;&lt;Op Columnname=&quot;UID_Job&quot; Type=&quot;Value&quot; ValType=&quot;String&quot; AlreadyApplied=&quot;True&quot;&gt;&lt;OldValue /&gt;&lt;Value&gt;CCC-41E1DD5CB7B86C42B26C0A1336C00B02&lt;/Value&gt;&lt;/Op&gt;&lt;Op Columnname=&quot;UID_JobChain&quot; Type=&quot;Value&quot; ValType=&quot;String&quot; AlreadyApplied=&quot;True&quot;&gt;&lt;OldValue /&gt;&lt;Value&gt;CCC-3D6057C04E7E264295D665092E5AB374&lt;/Value&gt;&lt;/Op&gt;&lt;Op Columnname=&quot;UID_JobTask&quot; Type=&quot;Value&quot; ValType=&quot;String&quot; AlreadyApplied=&quot;True&quot;&gt;&lt;OldValue /&gt;&lt;Value&gt;QBM-BE9AE7ABC2D14461A004C9412F93B7AA&lt;/Value&gt;&lt;/Op&gt;&lt;Op Columnname=&quot;UID_QBMServerTag&quot; Type=&quot;Value&quot; ValType=&quot;String&quot; AlreadyApplied=&quot;True&quot;&gt;&lt;OldValue /&gt;&lt;Value&gt;QBM-ST-SQLProcessingEnabled&lt;/Value&gt;&lt;/Op&gt;&lt;/Diff&gt;">
               <Value>&lt;Diff&gt;&lt;Data State="PermissionBased" /&gt;&lt;Op Columnname="IsToFreezeOnError" Type="Value" ValType="Bool" AlreadyApplied="True"&gt;&lt;OldValue&gt;False&lt;/OldValue&gt;&lt;Value&gt;True&lt;/Value&gt;&lt;/Op&gt;&lt;Op Columnname="Name" Type="Value" ValType="String" AlreadyApplied="True"&gt;&lt;OldValue /&gt;&lt;Value&gt;Recalculate Person templates_1&lt;/Value&gt;&lt;/Op&gt;&lt;Op Columnname="UID_Job" Type="Value" ValType="String" AlreadyApplied="True"&gt;&lt;OldValue /&gt;&lt;Value&gt;CCC-41E1DD5CB7B86C42B26C0A1336C00B02&lt;/Value&gt;&lt;/Op&gt;&lt;Op Columnname="UID_JobChain" Type="Value" ValType="String" AlreadyApplied="True"&gt;&lt;OldValue /&gt;&lt;Value&gt;CCC-3D6057C04E7E264295D665092E5AB374&lt;/Value&gt;&lt;/Op&gt;&lt;Op Columnname="UID_JobTask" Type="Value" ValType="String" AlreadyApplied="True"&gt;&lt;OldValue /&gt;&lt;Value&gt;QBM-BE9AE7ABC2D14461A004C9412F93B7AA&lt;/Value&gt;&lt;/Op&gt;&lt;Op Columnname="UID_QBMServerTag" Type="Value" ValType="String" AlreadyApplied="True"&gt;&lt;OldValue /&gt;&lt;Value&gt;QBM-ST-SQLProcessingEnabled&lt;/Value&gt;&lt;/Op&gt;&lt;/Diff&gt;</Value>
            </Column>
            <Column Name="ObjectKey" Display="&lt;Key&gt;&lt;T&gt;Job&lt;/T&gt;&lt;P&gt;CCC-41E1DD5CB7B86C42B26C0A1336C00B02&lt;/P&gt;&lt;/Key&gt;">
               <Value>&lt;Key&gt;&lt;T&gt;Job&lt;/T&gt;&lt;P&gt;CCC-41E1DD5CB7B86C42B26C0A1336C00B02&lt;/P&gt;&lt;/Key&gt;</Value>
            </Column>
            <Column Name="SortOrder" Display="3721537359839255">
               <Value>3721537359839255</Value>
            </Column>
            <Column Name="UID_DialogTag" Display="CCC-3BCB6DA974F39D4A904A78836F291813">
               <Key>
                  <Table Name="DialogTag" Display="142.RUMC.ADSAccountTemplRecalc.stelios" Key="CCC-3BCB6DA974F39D4A904A78836F291813">
                     <Prop Name="UID_DialogTag">
                        <Value>CCC-3BCB6DA974F39D4A904A78836F291813</Value>
                     </Prop>
                  </Table>
               </Key>
            </Column>
            <Column Name="UID_QBMTaggedChange" Display="CCC-F36D028BD82A2048949BFB930202225B">
               <Value>CCC-F36D028BD82A2048949BFB930202225B</Value>
            </Column>
            <Column Name="XDateInserted" Display="6/17/2025 10:02:16 AM">
               <Value>2025-06-17T08:02:16.1800000Z</Value>
            </Column>
            <Column Name="XDateUpdated" Display="6/17/2025 10:02:16 AM">
               <Value>2025-06-17T08:02:16.1800000Z</Value>
            </Column>
            <Column Name="XMarkedForDeletion">
               <Value>0</Value>
            </Column>
            <Column Name="XObjectKey" Display="&lt;Key&gt;&lt;T&gt;QBMTaggedChange&lt;/T&gt;&lt;P&gt;CCC-F36D028BD82A2048949BFB930202225B&lt;/P&gt;&lt;/Key&gt;">
               <Value>&lt;Key&gt;&lt;T&gt;QBMTaggedChange&lt;/T&gt;&lt;P&gt;CCC-F36D028BD82A2048949BFB930202225B&lt;/P&gt;&lt;/Key&gt;</Value>
            </Column>
            <Column Name="XTouched">
               <Value />
            </Column>
            <Column Name="XUserInserted" Display="SteliosK">
               <Value>SteliosK</Value>
            </Column>
            <Column Name="XUserUpdated" Display="SteliosK">
               <Value>SteliosK</Value>
            </Column>
         </Columns>
      </DbObject>
      <DbObject Display="CCC-3BCB6DA974F39D4A904A78836F291813 - &lt;Key&gt;&lt;T&gt;Job&lt;/T&gt;&lt;P&gt;CCC-70282973536CA74EA8CA38691A4097C3&lt;/P&gt;&lt;/Key&gt;" Version="2">
         <Key>
            <Table Name="QBMTaggedChange" Display="CCC-3BCB6DA974F39D4A904A78836F291813 - &lt;Key&gt;&lt;T&gt;Job&lt;/T&gt;&lt;P&gt;CCC-70282973536CA74EA8CA38691A4097C3&lt;/P&gt;&lt;/Key&gt;" Key="CCC-2E33A9903D3EF042B1B5AC97B8899E16">
               <Prop Name="UID_QBMTaggedChange">
                  <Value>CCC-2E33A9903D3EF042B1B5AC97B8899E16</Value>
               </Prop>
            </Table>
         </Key>
         <Columns>
            <Column Name="ChangeContent" Display="&lt;Diff&gt;&lt;Data State=&quot;Loaded, PermissionBased&quot; /&gt;&lt;Op Columnname=&quot;UID_SuccessJob&quot; Type=&quot;Value&quot; ValType=&quot;String&quot; AlreadyApplied=&quot;True&quot;&gt;&lt;OldValue /&gt;&lt;Value&gt;CCC-41E1DD5CB7B86C42B26C0A1336C00B02&lt;/Value&gt;&lt;/Op&gt;&lt;/Diff&gt;">
               <Value>&lt;Diff&gt;&lt;Data State="Loaded, PermissionBased" /&gt;&lt;Op Columnname="UID_SuccessJob" Type="Value" ValType="String" AlreadyApplied="True"&gt;&lt;OldValue /&gt;&lt;Value&gt;CCC-41E1DD5CB7B86C42B26C0A1336C00B02&lt;/Value&gt;&lt;/Op&gt;&lt;/Diff&gt;</Value>
            </Column>
            <Column Name="ObjectKey" Display="&lt;Key&gt;&lt;T&gt;Job&lt;/T&gt;&lt;P&gt;CCC-70282973536CA74EA8CA38691A4097C3&lt;/P&gt;&lt;/Key&gt;">
               <Value>&lt;Key&gt;&lt;T&gt;Job&lt;/T&gt;&lt;P&gt;CCC-70282973536CA74EA8CA38691A4097C3&lt;/P&gt;&lt;/Key&gt;</Value>
            </Column>
            <Column Name="SortOrder" Display="3721537371373602">
               <Value>3721537371373602</Value>
            </Column>
            <Column Name="UID_DialogTag" Display="CCC-3BCB6DA974F39D4A904A78836F291813">
               <Key>
                  <Table Name="DialogTag" Display="142.RUMC.ADSAccountTemplRecalc.stelios" Key="CCC-3BCB6DA974F39D4A904A78836F291813">
                     <Prop Name="UID_DialogTag">
                        <Value>CCC-3BCB6DA974F39D4A904A78836F291813</Value>
                     </Prop>
                  </Table>
               </Key>
            </Column>
            <Column Name="UID_QBMTaggedChange" Display="CCC-2E33A9903D3EF042B1B5AC97B8899E16">
               <Value>CCC-2E33A9903D3EF042B1B5AC97B8899E16</Value>
            </Column>
            <Column Name="XDateInserted" Display="6/17/2025 10:02:17 AM">
               <Value>2025-06-17T08:02:17.1670000Z</Value>
            </Column>
            <Column Name="XDateUpdated" Display="6/17/2025 10:02:17 AM">
               <Value>2025-06-17T08:02:17.1670000Z</Value>
            </Column>
            <Column Name="XMarkedForDeletion">
               <Value>0</Value>
            </Column>
            <Column Name="XObjectKey" Display="&lt;Key&gt;&lt;T&gt;QBMTaggedChange&lt;/T&gt;&lt;P&gt;CCC-2E33A9903D3EF042B1B5AC97B8899E16&lt;/P&gt;&lt;/Key&gt;">
               <Value>&lt;Key&gt;&lt;T&gt;QBMTaggedChange&lt;/T&gt;&lt;P&gt;CCC-2E33A9903D3EF042B1B5AC97B8899E16&lt;/P&gt;&lt;/Key&gt;</Value>
            </Column>
            <Column Name="XTouched">
               <Value />
            </Column>
            <Column Name="XUserInserted" Display="SteliosK">
               <Value>SteliosK</Value>
            </Column>
            <Column Name="XUserUpdated" Display="SteliosK">
               <Value>SteliosK</Value>
            </Column>
         </Columns>
      </DbObject>
      <DbObject Display="CCC-3BCB6DA974F39D4A904A78836F291813 - &lt;Key&gt;&lt;T&gt;JobChain&lt;/T&gt;&lt;P&gt;CCC-3D6057C04E7E264295D665092E5AB374&lt;/P&gt;&lt;/Key&gt;" Version="2">
         <Key>
            <Table Name="QBMTaggedChange" Display="CCC-3BCB6DA974F39D4A904A78836F291813 - &lt;Key&gt;&lt;T&gt;JobChain&lt;/T&gt;&lt;P&gt;CCC-3D6057C04E7E264295D665092E5AB374&lt;/P&gt;&lt;/Key&gt;" Key="CCC-5C0880B0FFBAD048B9D9A1DA657BC4D2">
               <Prop Name="UID_QBMTaggedChange">
                  <Value>CCC-5C0880B0FFBAD048B9D9A1DA657BC4D2</Value>
               </Prop>
            </Table>
         </Key>
         <Columns>
            <Column Name="ChangeContent" Display="&lt;Diff&gt;&lt;Data State=&quot;Loaded, PermissionBased&quot; /&gt;&lt;Op Columnname=&quot;LayoutPositions&quot; Type=&quot;Value&quot; ValType=&quot;String&quot; AlreadyApplied=&quot;True&quot;&gt;&lt;OldValue&gt;V1.1&amp;#x7;JobChain_CCC_JobAutoStart_OracleHR_Import&amp;#x8;20&amp;#x8;20&amp;#x8;R600&amp;#x7;Check if process is already running&amp;#x8;20&amp;#x8;120&amp;#x8;S600&amp;#x7;Recalculate Person templates&amp;#x8;20&amp;#x8;450&amp;#x8;S600&amp;#x7;Run PersonInDepartment data import&amp;#x8;20&amp;#x8;560&amp;#x7;Run SYNC to Operational&amp;#x8;20&amp;#x8;340&amp;#x8;S600&amp;#x7;Run SYNC to Staging&amp;#x8;20&amp;#x8;230&amp;#x8;S600&lt;/OldValue&gt;&lt;Value&gt;V1.1&amp;#x7;JobChain_CCC_JobAutoStart_OracleHR_Import&amp;#x8;20&amp;#x8;20&amp;#x8;R600&amp;#x7;Check if process is already running&amp;#x8;20&amp;#x8;120&amp;#x8;S600&amp;#x7;Recalculate ADSAccount templates&amp;#x8;20&amp;#x8;670&amp;#x7;Recalculate Person templates&amp;#x8;20&amp;#x8;450&amp;#x8;S600&amp;#x7;Run PersonInDepartment data import&amp;#x8;20&amp;#x8;560&amp;#x8;S600&amp;#x7;Run SYNC to Operational&amp;#x8;20&amp;#x8;340&amp;#x8;S600&amp;#x7;Run SYNC to Staging&amp;#x8;20&amp;#x8;230&amp;#x8;S600&lt;/Value&gt;&lt;/Op&gt;&lt;/Diff&gt;">
               <Value>&lt;Diff&gt;&lt;Data State="Loaded, PermissionBased" /&gt;&lt;Op Columnname="LayoutPositions" Type="Value" ValType="String" AlreadyApplied="True"&gt;&lt;OldValue&gt;V1.1&amp;#x7;JobChain_CCC_JobAutoStart_OracleHR_Import&amp;#x8;20&amp;#x8;20&amp;#x8;R600&amp;#x7;Check if process is already running&amp;#x8;20&amp;#x8;120&amp;#x8;S600&amp;#x7;Recalculate Person templates&amp;#x8;20&amp;#x8;450&amp;#x8;S600&amp;#x7;Run PersonInDepartment data import&amp;#x8;20&amp;#x8;560&amp;#x7;Run SYNC to Operational&amp;#x8;20&amp;#x8;340&amp;#x8;S600&amp;#x7;Run SYNC to Staging&amp;#x8;20&amp;#x8;230&amp;#x8;S600&lt;/OldValue&gt;&lt;Value&gt;V1.1&amp;#x7;JobChain_CCC_JobAutoStart_OracleHR_Import&amp;#x8;20&amp;#x8;20&amp;#x8;R600&amp;#x7;Check if process is already running&amp;#x8;20&amp;#x8;120&amp;#x8;S600&amp;#x7;Recalculate ADSAccount templates&amp;#x8;20&amp;#x8;670&amp;#x7;Recalculate Person templates&amp;#x8;20&amp;#x8;450&amp;#x8;S600&amp;#x7;Run PersonInDepartment data import&amp;#x8;20&amp;#x8;560&amp;#x8;S600&amp;#x7;Run SYNC to Operational&amp;#x8;20&amp;#x8;340&amp;#x8;S600&amp;#x7;Run SYNC to Staging&amp;#x8;20&amp;#x8;230&amp;#x8;S600&lt;/Value&gt;&lt;/Op&gt;&lt;/Diff&gt;</Value>
            </Column>
            <Column Name="ObjectKey" Display="&lt;Key&gt;&lt;T&gt;JobChain&lt;/T&gt;&lt;P&gt;CCC-3D6057C04E7E264295D665092E5AB374&lt;/P&gt;&lt;/Key&gt;">
               <Value>&lt;Key&gt;&lt;T&gt;JobChain&lt;/T&gt;&lt;P&gt;CCC-3D6057C04E7E264295D665092E5AB374&lt;/P&gt;&lt;/Key&gt;</Value>
            </Column>
            <Column Name="SortOrder" Display="3721537371439139">
               <Value>3721537371439139</Value>
            </Column>
            <Column Name="UID_DialogTag" Display="CCC-3BCB6DA974F39D4A904A78836F291813">
               <Key>
                  <Table Name="DialogTag" Display="142.RUMC.ADSAccountTemplRecalc.stelios" Key="CCC-3BCB6DA974F39D4A904A78836F291813">
                     <Prop Name="UID_DialogTag">
                        <Value>CCC-3BCB6DA974F39D4A904A78836F291813</Value>
                     </Prop>
                  </Table>
               </Key>
            </Column>
            <Column Name="UID_QBMTaggedChange" Display="CCC-5C0880B0FFBAD048B9D9A1DA657BC4D2">
               <Value>CCC-5C0880B0FFBAD048B9D9A1DA657BC4D2</Value>
            </Column>
            <Column Name="XDateInserted" Display="6/17/2025 10:02:17 AM">
               <Value>2025-06-17T08:02:17.1670000Z</Value>
            </Column>
            <Column Name="XDateUpdated" Display="6/17/2025 10:02:17 AM">
               <Value>2025-06-17T08:02:17.1670000Z</Value>
            </Column>
            <Column Name="XMarkedForDeletion">
               <Value>0</Value>
            </Column>
            <Column Name="XObjectKey" Display="&lt;Key&gt;&lt;T&gt;QBMTaggedChange&lt;/T&gt;&lt;P&gt;CCC-5C0880B0FFBAD048B9D9A1DA657BC4D2&lt;/P&gt;&lt;/Key&gt;">
               <Value>&lt;Key&gt;&lt;T&gt;QBMTaggedChange&lt;/T&gt;&lt;P&gt;CCC-5C0880B0FFBAD048B9D9A1DA657BC4D2&lt;/P&gt;&lt;/Key&gt;</Value>
            </Column>
            <Column Name="XTouched">
               <Value />
            </Column>
            <Column Name="XUserInserted" Display="SteliosK">
               <Value>SteliosK</Value>
            </Column>
            <Column Name="XUserUpdated" Display="SteliosK">
               <Value>SteliosK</Value>
            </Column>
         </Columns>
      </DbObject>
      <DbObject Display="CCC-3BCB6DA974F39D4A904A78836F291813 - &lt;Key&gt;&lt;T&gt;JobRunParameter&lt;/T&gt;&lt;P&gt;CCC-41E1DD5CB7B86C42B26C0A1336C00B02&lt;/P&gt;&lt;P&gt;QBM-0BE79A6FF953497A95A12198E15C8E34&lt;/P&gt;&lt;/Key&gt;" Version="2">
         <Key>
            <Table Name="QBMTaggedChange" Display="CCC-3BCB6DA974F39D4A904A78836F291813 - &lt;Key&gt;&lt;T&gt;JobRunParameter&lt;/T&gt;&lt;P&gt;CCC-41E1DD5CB7B86C42B26C0A1336C00B02&lt;/P&gt;&lt;P&gt;QBM-0BE79A6FF953497A95A12198E15C8E34&lt;/P&gt;&lt;/Key&gt;" Key="CCC-B55233C3D43DB847B97D02B374F26678">
               <Prop Name="UID_QBMTaggedChange">
                  <Value>CCC-B55233C3D43DB847B97D02B374F26678</Value>
               </Prop>
            </Table>
         </Key>
         <Columns>
            <Column Name="ChangeContent" Display="&lt;Diff&gt;&lt;Data State=&quot;PermissionBased&quot; /&gt;&lt;Op Columnname=&quot;Name&quot; Type=&quot;Value&quot; ValType=&quot;String&quot; AlreadyApplied=&quot;True&quot;&gt;&lt;OldValue /&gt;&lt;Value&gt;AuthenticationString&lt;/Value&gt;&lt;/Op&gt;&lt;Op Columnname=&quot;UID_Job&quot; Type=&quot;Value&quot; ValType=&quot;String&quot; AlreadyApplied=&quot;True&quot;&gt;&lt;OldValue /&gt;&lt;Value&gt;CCC-41E1DD5CB7B86C42B26C0A1336C00B02&lt;/Value&gt;&lt;/Op&gt;&lt;Op Columnname=&quot;UID_JobParameter&quot; Type=&quot;Value&quot; ValType=&quot;String&quot; AlreadyApplied=&quot;True&quot;&gt;&lt;OldValue /&gt;&lt;Value&gt;QBM-0BE79A6FF953497A95A12198E15C8E34&lt;/Value&gt;&lt;/Op&gt;&lt;Op Columnname=&quot;ValueTemplate&quot; Type=&quot;Value&quot; ValType=&quot;String&quot; AlreadyApplied=&quot;True&quot;&gt;&lt;OldValue /&gt;&lt;Value&gt;Value = ConnectionInfo.AuthString&lt;/Value&gt;&lt;/Op&gt;&lt;/Diff&gt;">
               <Value>&lt;Diff&gt;&lt;Data State="PermissionBased" /&gt;&lt;Op Columnname="Name" Type="Value" ValType="String" AlreadyApplied="True"&gt;&lt;OldValue /&gt;&lt;Value&gt;AuthenticationString&lt;/Value&gt;&lt;/Op&gt;&lt;Op Columnname="UID_Job" Type="Value" ValType="String" AlreadyApplied="True"&gt;&lt;OldValue /&gt;&lt;Value&gt;CCC-41E1DD5CB7B86C42B26C0A1336C00B02&lt;/Value&gt;&lt;/Op&gt;&lt;Op Columnname="UID_JobParameter" Type="Value" ValType="String" AlreadyApplied="True"&gt;&lt;OldValue /&gt;&lt;Value&gt;QBM-0BE79A6FF953497A95A12198E15C8E34&lt;/Value&gt;&lt;/Op&gt;&lt;Op Columnname="ValueTemplate" Type="Value" ValType="String" AlreadyApplied="True"&gt;&lt;OldValue /&gt;&lt;Value&gt;Value = ConnectionInfo.AuthString&lt;/Value&gt;&lt;/Op&gt;&lt;/Diff&gt;</Value>
            </Column>
            <Column Name="ObjectKey" Display="&lt;Key&gt;&lt;T&gt;JobRunParameter&lt;/T&gt;&lt;P&gt;CCC-41E1DD5CB7B86C42B26C0A1336C00B02&lt;/P&gt;&lt;P&gt;QBM-0BE79A6FF953497A95A12198E15C8E34&lt;/P&gt;&lt;/Key&gt;">
               <Value>&lt;Key&gt;&lt;T&gt;JobRunParameter&lt;/T&gt;&lt;P&gt;CCC-41E1DD5CB7B86C42B26C0A1336C00B02&lt;/P&gt;&lt;P&gt;QBM-0BE79A6FF953497A95A12198E15C8E34&lt;/P&gt;&lt;/Key&gt;</Value>
            </Column>
            <Column Name="SortOrder" Display="3721537360232472">
               <Value>3721537360232472</Value>
            </Column>
            <Column Name="UID_DialogTag" Display="CCC-3BCB6DA974F39D4A904A78836F291813">
               <Key>
                  <Table Name="DialogTag" Display="142.RUMC.ADSAccountTemplRecalc.stelios" Key="CCC-3BCB6DA974F39D4A904A78836F291813">
                     <Prop Name="UID_DialogTag">
                        <Value>CCC-3BCB6DA974F39D4A904A78836F291813</Value>
                     </Prop>
                  </Table>
               </Key>
            </Column>
            <Column Name="UID_QBMTaggedChange" Display="CCC-B55233C3D43DB847B97D02B374F26678">
               <Value>CCC-B55233C3D43DB847B97D02B374F26678</Value>
            </Column>
            <Column Name="XDateInserted" Display="6/17/2025 10:02:16 AM">
               <Value>2025-06-17T08:02:16.1800000Z</Value>
            </Column>
            <Column Name="XDateUpdated" Display="6/17/2025 10:02:16 AM">
               <Value>2025-06-17T08:02:16.1800000Z</Value>
            </Column>
            <Column Name="XMarkedForDeletion">
               <Value>0</Value>
            </Column>
            <Column Name="XObjectKey" Display="&lt;Key&gt;&lt;T&gt;QBMTaggedChange&lt;/T&gt;&lt;P&gt;CCC-B55233C3D43DB847B97D02B374F26678&lt;/P&gt;&lt;/Key&gt;">
               <Value>&lt;Key&gt;&lt;T&gt;QBMTaggedChange&lt;/T&gt;&lt;P&gt;CCC-B55233C3D43DB847B97D02B374F26678&lt;/P&gt;&lt;/Key&gt;</Value>
            </Column>
            <Column Name="XTouched">
               <Value />
            </Column>
            <Column Name="XUserInserted" Display="SteliosK">
               <Value>SteliosK</Value>
            </Column>
            <Column Name="XUserUpdated" Display="SteliosK">
               <Value>SteliosK</Value>
            </Column>
         </Columns>
      </DbObject>
      <DbObject Display="CCC-3BCB6DA974F39D4A904A78836F291813 - &lt;Key&gt;&lt;T&gt;JobRunParameter&lt;/T&gt;&lt;P&gt;CCC-41E1DD5CB7B86C42B26C0A1336C00B02&lt;/P&gt;&lt;P&gt;QBM-2B450EF56E5D4042AFC6A06F420AB4E1&lt;/P&gt;&lt;/Key&gt;" Version="2">
         <Key>
            <Table Name="QBMTaggedChange" Display="CCC-3BCB6DA974F39D4A904A78836F291813 - &lt;Key&gt;&lt;T&gt;JobRunParameter&lt;/T&gt;&lt;P&gt;CCC-41E1DD5CB7B86C42B26C0A1336C00B02&lt;/P&gt;&lt;P&gt;QBM-2B450EF56E5D4042AFC6A06F420AB4E1&lt;/P&gt;&lt;/Key&gt;" Key="CCC-C2408199DC1920429E35BF9C352D0461">
               <Prop Name="UID_QBMTaggedChange">
                  <Value>CCC-C2408199DC1920429E35BF9C352D0461</Value>
               </Prop>
            </Table>
         </Key>
         <Columns>
            <Column Name="ChangeContent" Display="&lt;Diff&gt;&lt;Data State=&quot;PermissionBased&quot; /&gt;&lt;Op Columnname=&quot;Name&quot; Type=&quot;Value&quot; ValType=&quot;String&quot; AlreadyApplied=&quot;True&quot;&gt;&lt;OldValue /&gt;&lt;Value&gt;Columns&lt;/Value&gt;&lt;/Op&gt;&lt;Op Columnname=&quot;UID_Job&quot; Type=&quot;Value&quot; ValType=&quot;String&quot; AlreadyApplied=&quot;True&quot;&gt;&lt;OldValue /&gt;&lt;Value&gt;CCC-41E1DD5CB7B86C42B26C0A1336C00B02&lt;/Value&gt;&lt;/Op&gt;&lt;Op Columnname=&quot;UID_JobParameter&quot; Type=&quot;Value&quot; ValType=&quot;String&quot; AlreadyApplied=&quot;True&quot;&gt;&lt;OldValue /&gt;&lt;Value&gt;QBM-2B450EF56E5D4042AFC6A06F420AB4E1&lt;/Value&gt;&lt;/Op&gt;&lt;Op Columnname=&quot;ValueTemplate&quot; Type=&quot;Value&quot; ValType=&quot;String&quot; AlreadyApplied=&quot;True&quot;&gt;&lt;OldValue /&gt;&lt;Value&gt;Value = &quot;IsInactive&quot;&lt;/Value&gt;&lt;/Op&gt;&lt;/Diff&gt;">
               <Value>&lt;Diff&gt;&lt;Data State="PermissionBased" /&gt;&lt;Op Columnname="Name" Type="Value" ValType="String" AlreadyApplied="True"&gt;&lt;OldValue /&gt;&lt;Value&gt;Columns&lt;/Value&gt;&lt;/Op&gt;&lt;Op Columnname="UID_Job" Type="Value" ValType="String" AlreadyApplied="True"&gt;&lt;OldValue /&gt;&lt;Value&gt;CCC-41E1DD5CB7B86C42B26C0A1336C00B02&lt;/Value&gt;&lt;/Op&gt;&lt;Op Columnname="UID_JobParameter" Type="Value" ValType="String" AlreadyApplied="True"&gt;&lt;OldValue /&gt;&lt;Value&gt;QBM-2B450EF56E5D4042AFC6A06F420AB4E1&lt;/Value&gt;&lt;/Op&gt;&lt;Op Columnname="ValueTemplate" Type="Value" ValType="String" AlreadyApplied="True"&gt;&lt;OldValue /&gt;&lt;Value&gt;Value = "IsInactive"&lt;/Value&gt;&lt;/Op&gt;&lt;/Diff&gt;</Value>
            </Column>
            <Column Name="ObjectKey" Display="&lt;Key&gt;&lt;T&gt;JobRunParameter&lt;/T&gt;&lt;P&gt;CCC-41E1DD5CB7B86C42B26C0A1336C00B02&lt;/P&gt;&lt;P&gt;QBM-2B450EF56E5D4042AFC6A06F420AB4E1&lt;/P&gt;&lt;/Key&gt;">
               <Value>&lt;Key&gt;&lt;T&gt;JobRunParameter&lt;/T&gt;&lt;P&gt;CCC-41E1DD5CB7B86C42B26C0A1336C00B02&lt;/P&gt;&lt;P&gt;QBM-2B450EF56E5D4042AFC6A06F420AB4E1&lt;/P&gt;&lt;/Key&gt;</Value>
            </Column>
            <Column Name="SortOrder" Display="3721537360298009">
               <Value>3721537360298009</Value>
            </Column>
            <Column Name="UID_DialogTag" Display="CCC-3BCB6DA974F39D4A904A78836F291813">
               <Key>
                  <Table Name="DialogTag" Display="142.RUMC.ADSAccountTemplRecalc.stelios" Key="CCC-3BCB6DA974F39D4A904A78836F291813">
                     <Prop Name="UID_DialogTag">
                        <Value>CCC-3BCB6DA974F39D4A904A78836F291813</Value>
                     </Prop>
                  </Table>
               </Key>
            </Column>
            <Column Name="UID_QBMTaggedChange" Display="CCC-C2408199DC1920429E35BF9C352D0461">
               <Value>CCC-C2408199DC1920429E35BF9C352D0461</Value>
            </Column>
            <Column Name="XDateInserted" Display="6/17/2025 10:02:16 AM">
               <Value>2025-06-17T08:02:16.1830000Z</Value>
            </Column>
            <Column Name="XDateUpdated" Display="6/17/2025 10:02:16 AM">
               <Value>2025-06-17T08:02:16.1830000Z</Value>
            </Column>
            <Column Name="XMarkedForDeletion">
               <Value>0</Value>
            </Column>
            <Column Name="XObjectKey" Display="&lt;Key&gt;&lt;T&gt;QBMTaggedChange&lt;/T&gt;&lt;P&gt;CCC-C2408199DC1920429E35BF9C352D0461&lt;/P&gt;&lt;/Key&gt;">
               <Value>&lt;Key&gt;&lt;T&gt;QBMTaggedChange&lt;/T&gt;&lt;P&gt;CCC-C2408199DC1920429E35BF9C352D0461&lt;/P&gt;&lt;/Key&gt;</Value>
            </Column>
            <Column Name="XTouched">
               <Value />
            </Column>
            <Column Name="XUserInserted" Display="SteliosK">
               <Value>SteliosK</Value>
            </Column>
            <Column Name="XUserUpdated" Display="SteliosK">
               <Value>SteliosK</Value>
            </Column>
         </Columns>
      </DbObject>
      <DbObject Display="CCC-3BCB6DA974F39D4A904A78836F291813 - &lt;Key&gt;&lt;T&gt;JobRunParameter&lt;/T&gt;&lt;P&gt;CCC-41E1DD5CB7B86C42B26C0A1336C00B02&lt;/P&gt;&lt;P&gt;QBM-2B450EF56E5D4042AFC6A06F420AB4E1&lt;/P&gt;&lt;/Key&gt;" Version="2">
         <Key>
            <Table Name="QBMTaggedChange" Display="CCC-3BCB6DA974F39D4A904A78836F291813 - &lt;Key&gt;&lt;T&gt;JobRunParameter&lt;/T&gt;&lt;P&gt;CCC-41E1DD5CB7B86C42B26C0A1336C00B02&lt;/P&gt;&lt;P&gt;QBM-2B450EF56E5D4042AFC6A06F420AB4E1&lt;/P&gt;&lt;/Key&gt;" Key="CCC-94EC117CEC61FD4D96D3C92419E216C9">
               <Prop Name="UID_QBMTaggedChange">
                  <Value>CCC-94EC117CEC61FD4D96D3C92419E216C9</Value>
               </Prop>
            </Table>
         </Key>
         <Columns>
            <Column Name="ChangeContent" Display="&lt;Diff&gt;&lt;Data State=&quot;Loaded, PermissionBased&quot; /&gt;&lt;Op Columnname=&quot;ValueTemplate&quot; Type=&quot;Value&quot; ValType=&quot;String&quot; AlreadyApplied=&quot;True&quot;&gt;&lt;OldValue&gt;Value = &quot;IsInactive&quot;&lt;/OldValue&gt;&lt;Value&gt;Value = &quot;AccountDisabled&quot;&lt;/Value&gt;&lt;/Op&gt;&lt;/Diff&gt;">
               <Value>&lt;Diff&gt;&lt;Data State="Loaded, PermissionBased" /&gt;&lt;Op Columnname="ValueTemplate" Type="Value" ValType="String" AlreadyApplied="True"&gt;&lt;OldValue&gt;Value = "IsInactive"&lt;/OldValue&gt;&lt;Value&gt;Value = "AccountDisabled"&lt;/Value&gt;&lt;/Op&gt;&lt;/Diff&gt;</Value>
            </Column>
            <Column Name="ObjectKey" Display="&lt;Key&gt;&lt;T&gt;JobRunParameter&lt;/T&gt;&lt;P&gt;CCC-41E1DD5CB7B86C42B26C0A1336C00B02&lt;/P&gt;&lt;P&gt;QBM-2B450EF56E5D4042AFC6A06F420AB4E1&lt;/P&gt;&lt;/Key&gt;">
               <Value>&lt;Key&gt;&lt;T&gt;JobRunParameter&lt;/T&gt;&lt;P&gt;CCC-41E1DD5CB7B86C42B26C0A1336C00B02&lt;/P&gt;&lt;P&gt;QBM-2B450EF56E5D4042AFC6A06F420AB4E1&lt;/P&gt;&lt;/Key&gt;</Value>
            </Column>
            <Column Name="SortOrder" Display="3721537362591775">
               <Value>3721537362591775</Value>
            </Column>
            <Column Name="UID_DialogTag" Display="CCC-3BCB6DA974F39D4A904A78836F291813">
               <Key>
                  <Table Name="DialogTag" Display="142.RUMC.ADSAccountTemplRecalc.stelios" Key="CCC-3BCB6DA974F39D4A904A78836F291813">
                     <Prop Name="UID_DialogTag">
                        <Value>CCC-3BCB6DA974F39D4A904A78836F291813</Value>
                     </Prop>
                  </Table>
               </Key>
            </Column>
            <Column Name="UID_QBMTaggedChange" Display="CCC-94EC117CEC61FD4D96D3C92419E216C9">
               <Value>CCC-94EC117CEC61FD4D96D3C92419E216C9</Value>
            </Column>
            <Column Name="XDateInserted" Display="6/17/2025 10:02:16 AM">
               <Value>2025-06-17T08:02:16.2700000Z</Value>
            </Column>
            <Column Name="XDateUpdated" Display="6/17/2025 10:02:16 AM">
               <Value>2025-06-17T08:02:16.2700000Z</Value>
            </Column>
            <Column Name="XMarkedForDeletion">
               <Value>0</Value>
            </Column>
            <Column Name="XObjectKey" Display="&lt;Key&gt;&lt;T&gt;QBMTaggedChange&lt;/T&gt;&lt;P&gt;CCC-94EC117CEC61FD4D96D3C92419E216C9&lt;/P&gt;&lt;/Key&gt;">
               <Value>&lt;Key&gt;&lt;T&gt;QBMTaggedChange&lt;/T&gt;&lt;P&gt;CCC-94EC117CEC61FD4D96D3C92419E216C9&lt;/P&gt;&lt;/Key&gt;</Value>
            </Column>
            <Column Name="XTouched">
               <Value />
            </Column>
            <Column Name="XUserInserted" Display="SteliosK">
               <Value>SteliosK</Value>
            </Column>
            <Column Name="XUserUpdated" Display="SteliosK">
               <Value>SteliosK</Value>
            </Column>
         </Columns>
      </DbObject>
      <DbObject Display="CCC-3BCB6DA974F39D4A904A78836F291813 - &lt;Key&gt;&lt;T&gt;JobRunParameter&lt;/T&gt;&lt;P&gt;CCC-41E1DD5CB7B86C42B26C0A1336C00B02&lt;/P&gt;&lt;P&gt;QBM-425E62E585024041BD13AEF3CCB00824&lt;/P&gt;&lt;/Key&gt;" Version="2">
         <Key>
            <Table Name="QBMTaggedChange" Display="CCC-3BCB6DA974F39D4A904A78836F291813 - &lt;Key&gt;&lt;T&gt;JobRunParameter&lt;/T&gt;&lt;P&gt;CCC-41E1DD5CB7B86C42B26C0A1336C00B02&lt;/P&gt;&lt;P&gt;QBM-425E62E585024041BD13AEF3CCB00824&lt;/P&gt;&lt;/Key&gt;" Key="CCC-A5B1049419F4F141B0E03766AB67B7D7">
               <Prop Name="UID_QBMTaggedChange">
                  <Value>CCC-A5B1049419F4F141B0E03766AB67B7D7</Value>
               </Prop>
            </Table>
         </Key>
         <Columns>
            <Column Name="ChangeContent" Display="&lt;Diff&gt;&lt;Data State=&quot;Loaded, PermissionBased&quot; /&gt;&lt;Op Columnname=&quot;ValueTemplate&quot; Type=&quot;Value&quot; ValType=&quot;String&quot; AlreadyApplied=&quot;True&quot;&gt;&lt;OldValue&gt;Value = Table.Person&lt;/OldValue&gt;&lt;Value&gt;Value = Table.ADSAccount&lt;/Value&gt;&lt;/Op&gt;&lt;/Diff&gt;">
               <Value>&lt;Diff&gt;&lt;Data State="Loaded, PermissionBased" /&gt;&lt;Op Columnname="ValueTemplate" Type="Value" ValType="String" AlreadyApplied="True"&gt;&lt;OldValue&gt;Value = Table.Person&lt;/OldValue&gt;&lt;Value&gt;Value = Table.ADSAccount&lt;/Value&gt;&lt;/Op&gt;&lt;/Diff&gt;</Value>
            </Column>
            <Column Name="ObjectKey" Display="&lt;Key&gt;&lt;T&gt;JobRunParameter&lt;/T&gt;&lt;P&gt;CCC-41E1DD5CB7B86C42B26C0A1336C00B02&lt;/P&gt;&lt;P&gt;QBM-425E62E585024041BD13AEF3CCB00824&lt;/P&gt;&lt;/Key&gt;">
               <Value>&lt;Key&gt;&lt;T&gt;JobRunParameter&lt;/T&gt;&lt;P&gt;CCC-41E1DD5CB7B86C42B26C0A1336C00B02&lt;/P&gt;&lt;P&gt;QBM-425E62E585024041BD13AEF3CCB00824&lt;/P&gt;&lt;/Key&gt;</Value>
            </Column>
            <Column Name="SortOrder" Display="3721537371242528">
               <Value>3721537371242528</Value>
            </Column>
            <Column Name="UID_DialogTag" Display="CCC-3BCB6DA974F39D4A904A78836F291813">
               <Key>
                  <Table Name="DialogTag" Display="142.RUMC.ADSAccountTemplRecalc.stelios" Key="CCC-3BCB6DA974F39D4A904A78836F291813">
                     <Prop Name="UID_DialogTag">
                        <Value>CCC-3BCB6DA974F39D4A904A78836F291813</Value>
                     </Prop>
                  </Table>
               </Key>
            </Column>
            <Column Name="UID_QBMTaggedChange" Display="CCC-A5B1049419F4F141B0E03766AB67B7D7">
               <Value>CCC-A5B1049419F4F141B0E03766AB67B7D7</Value>
            </Column>
            <Column Name="XDateInserted" Display="6/17/2025 10:02:17 AM">
               <Value>2025-06-17T08:02:17.1300000Z</Value>
            </Column>
            <Column Name="XDateUpdated" Display="6/17/2025 10:02:17 AM">
               <Value>2025-06-17T08:02:17.1300000Z</Value>
            </Column>
            <Column Name="XMarkedForDeletion">
               <Value>0</Value>
            </Column>
            <Column Name="XObjectKey" Display="&lt;Key&gt;&lt;T&gt;QBMTaggedChange&lt;/T&gt;&lt;P&gt;CCC-A5B1049419F4F141B0E03766AB67B7D7&lt;/P&gt;&lt;/Key&gt;">
               <Value>&lt;Key&gt;&lt;T&gt;QBMTaggedChange&lt;/T&gt;&lt;P&gt;CCC-A5B1049419F4F141B0E03766AB67B7D7&lt;/P&gt;&lt;/Key&gt;</Value>
            </Column>
            <Column Name="XTouched">
               <Value />
            </Column>
            <Column Name="XUserInserted" Display="SteliosK">
               <Value>SteliosK</Value>
            </Column>
            <Column Name="XUserUpdated" Display="SteliosK">
               <Value>SteliosK</Value>
            </Column>
         </Columns>
      </DbObject>
      <DbObject Display="CCC-3BCB6DA974F39D4A904A78836F291813 - &lt;Key&gt;&lt;T&gt;JobRunParameter&lt;/T&gt;&lt;P&gt;CCC-41E1DD5CB7B86C42B26C0A1336C00B02&lt;/P&gt;&lt;P&gt;QBM-425E62E585024041BD13AEF3CCB00824&lt;/P&gt;&lt;/Key&gt;" Version="2">
         <Key>
            <Table Name="QBMTaggedChange" Display="CCC-3BCB6DA974F39D4A904A78836F291813 - &lt;Key&gt;&lt;T&gt;JobRunParameter&lt;/T&gt;&lt;P&gt;CCC-41E1DD5CB7B86C42B26C0A1336C00B02&lt;/P&gt;&lt;P&gt;QBM-425E62E585024041BD13AEF3CCB00824&lt;/P&gt;&lt;/Key&gt;" Key="CCC-0C31A3AFAC9C804B89E68EB7EBC3CA13">
               <Prop Name="UID_QBMTaggedChange">
                  <Value>CCC-0C31A3AFAC9C804B89E68EB7EBC3CA13</Value>
               </Prop>
            </Table>
         </Key>
         <Columns>
            <Column Name="ChangeContent" Display="&lt;Diff&gt;&lt;Data State=&quot;PermissionBased&quot; /&gt;&lt;Op Columnname=&quot;Name&quot; Type=&quot;Value&quot; ValType=&quot;String&quot; AlreadyApplied=&quot;True&quot;&gt;&lt;OldValue /&gt;&lt;Value&gt;ObjectType&lt;/Value&gt;&lt;/Op&gt;&lt;Op Columnname=&quot;UID_Job&quot; Type=&quot;Value&quot; ValType=&quot;String&quot; AlreadyApplied=&quot;True&quot;&gt;&lt;OldValue /&gt;&lt;Value&gt;CCC-41E1DD5CB7B86C42B26C0A1336C00B02&lt;/Value&gt;&lt;/Op&gt;&lt;Op Columnname=&quot;UID_JobParameter&quot; Type=&quot;Value&quot; ValType=&quot;String&quot; AlreadyApplied=&quot;True&quot;&gt;&lt;OldValue /&gt;&lt;Value&gt;QBM-425E62E585024041BD13AEF3CCB00824&lt;/Value&gt;&lt;/Op&gt;&lt;Op Columnname=&quot;ValueTemplate&quot; Type=&quot;Value&quot; ValType=&quot;String&quot; AlreadyApplied=&quot;True&quot;&gt;&lt;OldValue /&gt;&lt;Value&gt;Value = Table.Person&lt;/Value&gt;&lt;/Op&gt;&lt;/Diff&gt;">
               <Value>&lt;Diff&gt;&lt;Data State="PermissionBased" /&gt;&lt;Op Columnname="Name" Type="Value" ValType="String" AlreadyApplied="True"&gt;&lt;OldValue /&gt;&lt;Value&gt;ObjectType&lt;/Value&gt;&lt;/Op&gt;&lt;Op Columnname="UID_Job" Type="Value" ValType="String" AlreadyApplied="True"&gt;&lt;OldValue /&gt;&lt;Value&gt;CCC-41E1DD5CB7B86C42B26C0A1336C00B02&lt;/Value&gt;&lt;/Op&gt;&lt;Op Columnname="UID_JobParameter" Type="Value" ValType="String" AlreadyApplied="True"&gt;&lt;OldValue /&gt;&lt;Value&gt;QBM-425E62E585024041BD13AEF3CCB00824&lt;/Value&gt;&lt;/Op&gt;&lt;Op Columnname="ValueTemplate" Type="Value" ValType="String" AlreadyApplied="True"&gt;&lt;OldValue /&gt;&lt;Value&gt;Value = Table.Person&lt;/Value&gt;&lt;/Op&gt;&lt;/Diff&gt;</Value>
            </Column>
            <Column Name="ObjectKey" Display="&lt;Key&gt;&lt;T&gt;JobRunParameter&lt;/T&gt;&lt;P&gt;CCC-41E1DD5CB7B86C42B26C0A1336C00B02&lt;/P&gt;&lt;P&gt;QBM-425E62E585024041BD13AEF3CCB00824&lt;/P&gt;&lt;/Key&gt;">
               <Value>&lt;Key&gt;&lt;T&gt;JobRunParameter&lt;/T&gt;&lt;P&gt;CCC-41E1DD5CB7B86C42B26C0A1336C00B02&lt;/P&gt;&lt;P&gt;QBM-425E62E585024041BD13AEF3CCB00824&lt;/P&gt;&lt;/Key&gt;</Value>
            </Column>
            <Column Name="SortOrder" Display="3721537360363548">
               <Value>3721537360363548</Value>
            </Column>
            <Column Name="UID_DialogTag" Display="CCC-3BCB6DA974F39D4A904A78836F291813">
               <Key>
                  <Table Name="DialogTag" Display="142.RUMC.ADSAccountTemplRecalc.stelios" Key="CCC-3BCB6DA974F39D4A904A78836F291813">
                     <Prop Name="UID_DialogTag">
                        <Value>CCC-3BCB6DA974F39D4A904A78836F291813</Value>
                     </Prop>
                  </Table>
               </Key>
            </Column>
            <Column Name="UID_QBMTaggedChange" Display="CCC-0C31A3AFAC9C804B89E68EB7EBC3CA13">
               <Value>CCC-0C31A3AFAC9C804B89E68EB7EBC3CA13</Value>
            </Column>
            <Column Name="XDateInserted" Display="6/17/2025 10:02:16 AM">
               <Value>2025-06-17T08:02:16.1900000Z</Value>
            </Column>
            <Column Name="XDateUpdated" Display="6/17/2025 10:02:16 AM">
               <Value>2025-06-17T08:02:16.1900000Z</Value>
            </Column>
            <Column Name="XMarkedForDeletion">
               <Value>0</Value>
            </Column>
            <Column Name="XObjectKey" Display="&lt;Key&gt;&lt;T&gt;QBMTaggedChange&lt;/T&gt;&lt;P&gt;CCC-0C31A3AFAC9C804B89E68EB7EBC3CA13&lt;/P&gt;&lt;/Key&gt;">
               <Value>&lt;Key&gt;&lt;T&gt;QBMTaggedChange&lt;/T&gt;&lt;P&gt;CCC-0C31A3AFAC9C804B89E68EB7EBC3CA13&lt;/P&gt;&lt;/Key&gt;</Value>
            </Column>
            <Column Name="XTouched">
               <Value />
            </Column>
            <Column Name="XUserInserted" Display="SteliosK">
               <Value>SteliosK</Value>
            </Column>
            <Column Name="XUserUpdated" Display="SteliosK">
               <Value>SteliosK</Value>
            </Column>
         </Columns>
      </DbObject>
      <DbObject Display="CCC-3BCB6DA974F39D4A904A78836F291813 - &lt;Key&gt;&lt;T&gt;JobRunParameter&lt;/T&gt;&lt;P&gt;CCC-41E1DD5CB7B86C42B26C0A1336C00B02&lt;/P&gt;&lt;P&gt;QBM-75EE10885A174E579E20918F214F78A4&lt;/P&gt;&lt;/Key&gt;" Version="2">
         <Key>
            <Table Name="QBMTaggedChange" Display="CCC-3BCB6DA974F39D4A904A78836F291813 - &lt;Key&gt;&lt;T&gt;JobRunParameter&lt;/T&gt;&lt;P&gt;CCC-41E1DD5CB7B86C42B26C0A1336C00B02&lt;/P&gt;&lt;P&gt;QBM-75EE10885A174E579E20918F214F78A4&lt;/P&gt;&lt;/Key&gt;" Key="CCC-829FD8F968AD3B4290EA57D421A42DC6">
               <Prop Name="UID_QBMTaggedChange">
                  <Value>CCC-829FD8F968AD3B4290EA57D421A42DC6</Value>
               </Prop>
            </Table>
         </Key>
         <Columns>
            <Column Name="ChangeContent" Display="&lt;Diff&gt;&lt;Data State=&quot;Loaded, PermissionBased&quot; /&gt;&lt;Op Columnname=&quot;ValueTemplate&quot; Type=&quot;Value&quot; ValType=&quot;String&quot; AlreadyApplied=&quot;True&quot;&gt;&lt;OldValue&gt;Value = String.Format(&quot;1=0&quot;)&lt;/OldValue&gt;&lt;Value&gt;Value = String.Format(&quot;UID_ADSAccount in (&#xD;&#xA;						select a.UID_ADSAccount&#xD;&#xA;						from Person p &#xD;&#xA;						join ADSAccount a on a.UID_Person = p.UID_Person&#xD;&#xA;						join TSBAccountDef ad on ad.UID_TSBAccountDef = a.UID_TSBAccountDef&#xD;&#xA;						join TSBBehavior b on b.UID_TSBBehavior = a.UID_TSBBehavior&#xD;&#xA;						join CCC_OAM_CONTRACTS c on p.PersonnelNumber = c.CCC_PERSON_ID&#xD;&#xA;						left join JobQueue j on j.BasisObjectKey = a.XObjectKey&#xD;&#xA;						where c.CCC_PRIMARY_FLAG = 'Y'&#xD;&#xA;						and b.Ident_TSBBehavior = 'Full managed'&#xD;&#xA;						and cast(p.EntryDate as date) &amp;lt;= cast(GETDATE() as date)&#xD;&#xA;						and ad.CustomProperty01 = '{0}'&#xD;&#xA;						and c.CCC_AD_ACCOUNT_TYPE_CODE &amp;lt;&amp;gt; '1'&#xD;&#xA;						and a.XMarkedForDeletion = 0&#xD;&#xA;						and j.BasisObjectKey is null&#xD;&#xA;						and a.AccountDisabled = 1&#xD;&#xA;						and p.IsInactive = 0&#xD;&#xA;&#xD;&#xA;						union&#xD;&#xA;&#xD;&#xA;						select a1.UID_ADSAccount&#xD;&#xA;						from Person p1&#xD;&#xA;						join ADSAccount a1 on a1.UID_Person = p1.UID_Person&#xD;&#xA;						join TSBAccountDef ad1 on ad1.UID_TSBAccountDef = a1.UID_TSBAccountDef&#xD;&#xA;						join TSBBehavior b1 on b1.UID_TSBBehavior = a1.UID_TSBBehavior&#xD;&#xA;						left join JobQueue j1 on j1.BasisObjectKey = a1.XObjectKey&#xD;&#xA;						where b1.Ident_TSBBehavior = 'Full managed'&#xD;&#xA;						and cast(p1.EntryDate as date) &amp;lt;= cast(GETDATE() as date)&#xD;&#xA;						and ad1.CustomProperty01 in ('{1}','{2}','{3}','{4}')&#xD;&#xA;						and a1.XMarkedForDeletion = 0&#xD;&#xA;						and j1.BasisObjectKey is null&#xD;&#xA;						and a1.AccountDisabled = 1&#xD;&#xA;						and p1.IsInactive = 0&#xD;&#xA;						)&quot;, Connection.GetConfigParm(&quot;Custom\ADS\DomainFullNameAD&quot;), _&#xD;&#xA;							Connection.GetConfigParm(&quot;Custom\ADS\DomainFullNameADTESTZ&quot;), _&#xD;&#xA;							Connection.GetConfigParm(&quot;Custom\ADS\DomainFullNameADMANZ&quot;), _&#xD;&#xA;							Connection.GetConfigParm(&quot;Custom\ADS\DomainFullNameDMZTESTZ&quot;), _&#xD;&#xA;							Connection.GetConfigParm(&quot;Custom\ADS\DomainFullNameDMZMANZ&quot;))&lt;/Value&gt;&lt;/Op&gt;&lt;/Diff&gt;">
               <Value>&lt;Diff&gt;&lt;Data State="Loaded, PermissionBased" /&gt;&lt;Op Columnname="ValueTemplate" Type="Value" ValType="String" AlreadyApplied="True"&gt;&lt;OldValue&gt;Value = String.Format("1=0")&lt;/OldValue&gt;&lt;Value&gt;Value = String.Format("UID_ADSAccount in (
						select a.UID_ADSAccount
						from Person p 
						join ADSAccount a on a.UID_Person = p.UID_Person
						join TSBAccountDef ad on ad.UID_TSBAccountDef = a.UID_TSBAccountDef
						join TSBBehavior b on b.UID_TSBBehavior = a.UID_TSBBehavior
						join CCC_OAM_CONTRACTS c on p.PersonnelNumber = c.CCC_PERSON_ID
						left join JobQueue j on j.BasisObjectKey = a.XObjectKey
						where c.CCC_PRIMARY_FLAG = 'Y'
						and b.Ident_TSBBehavior = 'Full managed'
						and cast(p.EntryDate as date) &amp;lt;= cast(GETDATE() as date)
						and ad.CustomProperty01 = '{0}'
						and c.CCC_AD_ACCOUNT_TYPE_CODE &amp;lt;&amp;gt; '1'
						and a.XMarkedForDeletion = 0
						and j.BasisObjectKey is null
						and a.AccountDisabled = 1
						and p.IsInactive = 0

						union

						select a1.UID_ADSAccount
						from Person p1
						join ADSAccount a1 on a1.UID_Person = p1.UID_Person
						join TSBAccountDef ad1 on ad1.UID_TSBAccountDef = a1.UID_TSBAccountDef
						join TSBBehavior b1 on b1.UID_TSBBehavior = a1.UID_TSBBehavior
						left join JobQueue j1 on j1.BasisObjectKey = a1.XObjectKey
						where b1.Ident_TSBBehavior = 'Full managed'
						and cast(p1.EntryDate as date) &amp;lt;= cast(GETDATE() as date)
						and ad1.CustomProperty01 in ('{1}','{2}','{3}','{4}')
						and a1.XMarkedForDeletion = 0
						and j1.BasisObjectKey is null
						and a1.AccountDisabled = 1
						and p1.IsInactive = 0
						)", Connection.GetConfigParm("Custom\ADS\DomainFullNameAD"), _
							Connection.GetConfigParm("Custom\ADS\DomainFullNameADTESTZ"), _
							Connection.GetConfigParm("Custom\ADS\DomainFullNameADMANZ"), _
							Connection.GetConfigParm("Custom\ADS\DomainFullNameDMZTESTZ"), _
							Connection.GetConfigParm("Custom\ADS\DomainFullNameDMZMANZ"))&lt;/Value&gt;&lt;/Op&gt;&lt;/Diff&gt;</Value>
            </Column>
            <Column Name="ObjectKey" Display="&lt;Key&gt;&lt;T&gt;JobRunParameter&lt;/T&gt;&lt;P&gt;CCC-41E1DD5CB7B86C42B26C0A1336C00B02&lt;/P&gt;&lt;P&gt;QBM-75EE10885A174E579E20918F214F78A4&lt;/P&gt;&lt;/Key&gt;">
               <Value>&lt;Key&gt;&lt;T&gt;JobRunParameter&lt;/T&gt;&lt;P&gt;CCC-41E1DD5CB7B86C42B26C0A1336C00B02&lt;/P&gt;&lt;P&gt;QBM-75EE10885A174E579E20918F214F78A4&lt;/P&gt;&lt;/Key&gt;</Value>
            </Column>
            <Column Name="SortOrder" Display="3721586548670465">
               <Value>3721586548670465</Value>
            </Column>
            <Column Name="UID_DialogTag" Display="CCC-3BCB6DA974F39D4A904A78836F291813">
               <Key>
                  <Table Name="DialogTag" Display="142.RUMC.ADSAccountTemplRecalc.stelios" Key="CCC-3BCB6DA974F39D4A904A78836F291813">
                     <Prop Name="UID_DialogTag">
                        <Value>CCC-3BCB6DA974F39D4A904A78836F291813</Value>
                     </Prop>
                  </Table>
               </Key>
            </Column>
            <Column Name="UID_QBMTaggedChange" Display="CCC-829FD8F968AD3B4290EA57D421A42DC6">
               <Value>CCC-829FD8F968AD3B4290EA57D421A42DC6</Value>
            </Column>
            <Column Name="XDateInserted" Display="6/17/2025 11:24:14 AM">
               <Value>2025-06-17T09:24:14.8870000Z</Value>
            </Column>
            <Column Name="XDateUpdated" Display="6/17/2025 11:24:14 AM">
               <Value>2025-06-17T09:24:14.8870000Z</Value>
            </Column>
            <Column Name="XMarkedForDeletion">
               <Value>0</Value>
            </Column>
            <Column Name="XObjectKey" Display="&lt;Key&gt;&lt;T&gt;QBMTaggedChange&lt;/T&gt;&lt;P&gt;CCC-829FD8F968AD3B4290EA57D421A42DC6&lt;/P&gt;&lt;/Key&gt;">
               <Value>&lt;Key&gt;&lt;T&gt;QBMTaggedChange&lt;/T&gt;&lt;P&gt;CCC-829FD8F968AD3B4290EA57D421A42DC6&lt;/P&gt;&lt;/Key&gt;</Value>
            </Column>
            <Column Name="XTouched">
               <Value />
            </Column>
            <Column Name="XUserInserted" Display="KostasO">
               <Value>KostasO</Value>
            </Column>
            <Column Name="XUserUpdated" Display="KostasO">
               <Value>KostasO</Value>
            </Column>
         </Columns>
      </DbObject>
      <DbObject Display="CCC-3BCB6DA974F39D4A904A78836F291813 - &lt;Key&gt;&lt;T&gt;JobRunParameter&lt;/T&gt;&lt;P&gt;CCC-41E1DD5CB7B86C42B26C0A1336C00B02&lt;/P&gt;&lt;P&gt;QBM-75EE10885A174E579E20918F214F78A4&lt;/P&gt;&lt;/Key&gt;" Version="2">
         <Key>
            <Table Name="QBMTaggedChange" Display="CCC-3BCB6DA974F39D4A904A78836F291813 - &lt;Key&gt;&lt;T&gt;JobRunParameter&lt;/T&gt;&lt;P&gt;CCC-41E1DD5CB7B86C42B26C0A1336C00B02&lt;/P&gt;&lt;P&gt;QBM-75EE10885A174E579E20918F214F78A4&lt;/P&gt;&lt;/Key&gt;" Key="CCC-8851835E2CBD784986D0620CC550663E">
               <Prop Name="UID_QBMTaggedChange">
                  <Value>CCC-8851835E2CBD784986D0620CC550663E</Value>
               </Prop>
            </Table>
         </Key>
         <Columns>
            <Column Name="ChangeContent" Display="&lt;Diff&gt;&lt;Data State=&quot;Loaded, PermissionBased&quot; /&gt;&lt;Op Columnname=&quot;ValueTemplate&quot; Type=&quot;Value&quot; ValType=&quot;String&quot; AlreadyApplied=&quot;True&quot;&gt;&lt;OldValue&gt;Value = String.Format(&quot;UID_Person in (&#xD;&#xA;						select p.UID_Person&#xD;&#xA;						from Person p&#xD;&#xA;						where cast(p.ExitDate as date) &amp;lt;= cast(GETDATE() as date)&#xD;&#xA;						and p.IsInActive = 0&#xD;&#xA;						&#xD;&#xA;						union&#xD;&#xA;						&#xD;&#xA;						select p1.UID_Person&#xD;&#xA;						from Person p1&#xD;&#xA;						where cast(p1.ExitDate as date) &amp;gt;= cast(GETDATE() as date)&#xD;&#xA;						and p1.IsInActive = 1&#xD;&#xA;						)&quot;)&lt;/OldValue&gt;&lt;Value&gt;Value = String.Format(&quot;UID_ADSAccount in (&#xD;&#xA;						select a.UID_ADSAccount&#xD;&#xA;						from Person p &#xD;&#xA;						join ADSAccount a on a.UID_Person = p.UID_Person&#xD;&#xA;						join TSBAccountDef ad on ad.UID_TSBAccountDef = a.UID_TSBAccountDef&#xD;&#xA;						join TSBBehavior b on b.UID_TSBBehavior = a.UID_TSBBehavior&#xD;&#xA;						join CCC_OAM_CONTRACTS c on p.PersonnelNumber = c.CCC_PERSON_ID&#xD;&#xA;						left join JobQueue j on j.BasisObjectKey = a.XObjectKey&#xD;&#xA;						where c.CCC_PRIMARY_FLAG = 'Y'&#xD;&#xA;						and b.Ident_TSBBehavior = 'Full managed'&#xD;&#xA;						and cast(p.EntryDate as date) &amp;lt;= cast(GETDATE() as date)&#xD;&#xA;						and ad.CustomProperty01 = '{0}'&#xD;&#xA;						and c.CCC_AD_ACCOUNT_TYPE_CODE &amp;lt;&amp;gt; '1'&#xD;&#xA;						and a.XMarkedForDeletion = 0&#xD;&#xA;						and j.BasisObjectKey is null&#xD;&#xA;						and a.AccountDisabled = 1&#xD;&#xA;						and p.IsInactive = 0&#xD;&#xA;&#xD;&#xA;						union&#xD;&#xA;&#xD;&#xA;						select a1.UID_ADSAccount&#xD;&#xA;						from Person p1&#xD;&#xA;						join ADSAccount a1 on a1.UID_Person = p1.UID_Person&#xD;&#xA;						join TSBAccountDef ad1 on ad1.UID_TSBAccountDef = a1.UID_TSBAccountDef&#xD;&#xA;						join TSBBehavior b1 on b1.UID_TSBBehavior = a1.UID_TSBBehavior&#xD;&#xA;						left join JobQueue j1 on j.BasisObjectKey = a.XObjectKey&#xD;&#xA;						where b1.Ident_TSBBehavior = 'Full managed'&#xD;&#xA;						and cast(p1.EntryDate as date) &amp;lt;= cast(GETDATE() as date)&#xD;&#xA;						and ad1.CustomProperty01 in ('{1}','{2}','{3}','{4}')&#xD;&#xA;						and a1.XMarkedForDeletion = 0&#xD;&#xA;						and j1.BasisObjectKey is null&#xD;&#xA;						and a1.AccountDisabled = 1&#xD;&#xA;						and p1.IsInactive = 0&#xD;&#xA;						)&quot;, Connection.GetConfigParm(&quot;Custom\ADS\DomainFullNameAD&quot;), _&#xD;&#xA;							Connection.GetConfigParm(&quot;Custom\ADS\DomainFullNameADTESTZ&quot;), _&#xD;&#xA;							Connection.GetConfigParm(&quot;Custom\ADS\DomainFullNameADMANZ&quot;), _&#xD;&#xA;							Connection.GetConfigParm(&quot;Custom\ADS\DomainFullNameDMZTESTZ&quot;), _&#xD;&#xA;							Connection.GetConfigParm(&quot;Custom\ADS\DomainFullNameDMZMANZ&quot;))&lt;/Value&gt;&lt;/Op&gt;&lt;/Diff&gt;">
               <Value>&lt;Diff&gt;&lt;Data State="Loaded, PermissionBased" /&gt;&lt;Op Columnname="ValueTemplate" Type="Value" ValType="String" AlreadyApplied="True"&gt;&lt;OldValue&gt;Value = String.Format("UID_Person in (
						select p.UID_Person
						from Person p
						where cast(p.ExitDate as date) &amp;lt;= cast(GETDATE() as date)
						and p.IsInActive = 0
						
						union
						
						select p1.UID_Person
						from Person p1
						where cast(p1.ExitDate as date) &amp;gt;= cast(GETDATE() as date)
						and p1.IsInActive = 1
						)")&lt;/OldValue&gt;&lt;Value&gt;Value = String.Format("UID_ADSAccount in (
						select a.UID_ADSAccount
						from Person p 
						join ADSAccount a on a.UID_Person = p.UID_Person
						join TSBAccountDef ad on ad.UID_TSBAccountDef = a.UID_TSBAccountDef
						join TSBBehavior b on b.UID_TSBBehavior = a.UID_TSBBehavior
						join CCC_OAM_CONTRACTS c on p.PersonnelNumber = c.CCC_PERSON_ID
						left join JobQueue j on j.BasisObjectKey = a.XObjectKey
						where c.CCC_PRIMARY_FLAG = 'Y'
						and b.Ident_TSBBehavior = 'Full managed'
						and cast(p.EntryDate as date) &amp;lt;= cast(GETDATE() as date)
						and ad.CustomProperty01 = '{0}'
						and c.CCC_AD_ACCOUNT_TYPE_CODE &amp;lt;&amp;gt; '1'
						and a.XMarkedForDeletion = 0
						and j.BasisObjectKey is null
						and a.AccountDisabled = 1
						and p.IsInactive = 0

						union

						select a1.UID_ADSAccount
						from Person p1
						join ADSAccount a1 on a1.UID_Person = p1.UID_Person
						join TSBAccountDef ad1 on ad1.UID_TSBAccountDef = a1.UID_TSBAccountDef
						join TSBBehavior b1 on b1.UID_TSBBehavior = a1.UID_TSBBehavior
						left join JobQueue j1 on j.BasisObjectKey = a.XObjectKey
						where b1.Ident_TSBBehavior = 'Full managed'
						and cast(p1.EntryDate as date) &amp;lt;= cast(GETDATE() as date)
						and ad1.CustomProperty01 in ('{1}','{2}','{3}','{4}')
						and a1.XMarkedForDeletion = 0
						and j1.BasisObjectKey is null
						and a1.AccountDisabled = 1
						and p1.IsInactive = 0
						)", Connection.GetConfigParm("Custom\ADS\DomainFullNameAD"), _
							Connection.GetConfigParm("Custom\ADS\DomainFullNameADTESTZ"), _
							Connection.GetConfigParm("Custom\ADS\DomainFullNameADMANZ"), _
							Connection.GetConfigParm("Custom\ADS\DomainFullNameDMZTESTZ"), _
							Connection.GetConfigParm("Custom\ADS\DomainFullNameDMZMANZ"))&lt;/Value&gt;&lt;/Op&gt;&lt;/Diff&gt;</Value>
            </Column>
            <Column Name="ObjectKey" Display="&lt;Key&gt;&lt;T&gt;JobRunParameter&lt;/T&gt;&lt;P&gt;CCC-41E1DD5CB7B86C42B26C0A1336C00B02&lt;/P&gt;&lt;P&gt;QBM-75EE10885A174E579E20918F214F78A4&lt;/P&gt;&lt;/Key&gt;">
               <Value>&lt;Key&gt;&lt;T&gt;JobRunParameter&lt;/T&gt;&lt;P&gt;CCC-41E1DD5CB7B86C42B26C0A1336C00B02&lt;/P&gt;&lt;P&gt;QBM-75EE10885A174E579E20918F214F78A4&lt;/P&gt;&lt;/Key&gt;</Value>
            </Column>
            <Column Name="SortOrder" Display="3721537371373601">
               <Value>3721537371373601</Value>
            </Column>
            <Column Name="UID_DialogTag" Display="CCC-3BCB6DA974F39D4A904A78836F291813">
               <Key>
                  <Table Name="DialogTag" Display="142.RUMC.ADSAccountTemplRecalc.stelios" Key="CCC-3BCB6DA974F39D4A904A78836F291813">
                     <Prop Name="UID_DialogTag">
                        <Value>CCC-3BCB6DA974F39D4A904A78836F291813</Value>
                     </Prop>
                  </Table>
               </Key>
            </Column>
            <Column Name="UID_QBMTaggedChange" Display="CCC-8851835E2CBD784986D0620CC550663E">
               <Value>CCC-8851835E2CBD784986D0620CC550663E</Value>
            </Column>
            <Column Name="XDateInserted" Display="6/17/2025 10:02:17 AM">
               <Value>2025-06-17T08:02:17.1600000Z</Value>
            </Column>
            <Column Name="XDateUpdated" Display="6/17/2025 10:02:17 AM">
               <Value>2025-06-17T08:02:17.1600000Z</Value>
            </Column>
            <Column Name="XMarkedForDeletion">
               <Value>0</Value>
            </Column>
            <Column Name="XObjectKey" Display="&lt;Key&gt;&lt;T&gt;QBMTaggedChange&lt;/T&gt;&lt;P&gt;CCC-8851835E2CBD784986D0620CC550663E&lt;/P&gt;&lt;/Key&gt;">
               <Value>&lt;Key&gt;&lt;T&gt;QBMTaggedChange&lt;/T&gt;&lt;P&gt;CCC-8851835E2CBD784986D0620CC550663E&lt;/P&gt;&lt;/Key&gt;</Value>
            </Column>
            <Column Name="XTouched">
               <Value />
            </Column>
            <Column Name="XUserInserted" Display="SteliosK">
               <Value>SteliosK</Value>
            </Column>
            <Column Name="XUserUpdated" Display="SteliosK">
               <Value>SteliosK</Value>
            </Column>
         </Columns>
      </DbObject>
      <DbObject Display="CCC-3BCB6DA974F39D4A904A78836F291813 - &lt;Key&gt;&lt;T&gt;JobRunParameter&lt;/T&gt;&lt;P&gt;CCC-41E1DD5CB7B86C42B26C0A1336C00B02&lt;/P&gt;&lt;P&gt;QBM-75EE10885A174E579E20918F214F78A4&lt;/P&gt;&lt;/Key&gt;" Version="2">
         <Key>
            <Table Name="QBMTaggedChange" Display="CCC-3BCB6DA974F39D4A904A78836F291813 - &lt;Key&gt;&lt;T&gt;JobRunParameter&lt;/T&gt;&lt;P&gt;CCC-41E1DD5CB7B86C42B26C0A1336C00B02&lt;/P&gt;&lt;P&gt;QBM-75EE10885A174E579E20918F214F78A4&lt;/P&gt;&lt;/Key&gt;" Key="CCC-A5BCA93937D49D46A701249A4B743082">
               <Prop Name="UID_QBMTaggedChange">
                  <Value>CCC-A5BCA93937D49D46A701249A4B743082</Value>
               </Prop>
            </Table>
         </Key>
         <Columns>
            <Column Name="ChangeContent" Display="&lt;Diff&gt;&lt;Data State=&quot;PermissionBased&quot; /&gt;&lt;Op Columnname=&quot;Name&quot; Type=&quot;Value&quot; ValType=&quot;String&quot; AlreadyApplied=&quot;True&quot;&gt;&lt;OldValue /&gt;&lt;Value&gt;WhereClause&lt;/Value&gt;&lt;/Op&gt;&lt;Op Columnname=&quot;UID_Job&quot; Type=&quot;Value&quot; ValType=&quot;String&quot; AlreadyApplied=&quot;True&quot;&gt;&lt;OldValue /&gt;&lt;Value&gt;CCC-41E1DD5CB7B86C42B26C0A1336C00B02&lt;/Value&gt;&lt;/Op&gt;&lt;Op Columnname=&quot;UID_JobParameter&quot; Type=&quot;Value&quot; ValType=&quot;String&quot; AlreadyApplied=&quot;True&quot;&gt;&lt;OldValue /&gt;&lt;Value&gt;QBM-75EE10885A174E579E20918F214F78A4&lt;/Value&gt;&lt;/Op&gt;&lt;Op Columnname=&quot;ValueTemplate&quot; Type=&quot;Value&quot; ValType=&quot;String&quot; AlreadyApplied=&quot;True&quot;&gt;&lt;OldValue /&gt;&lt;Value&gt;Value = String.Format(&quot;UID_Person in (&#xD;&#xA;						select p.UID_Person&#xD;&#xA;						from Person p&#xD;&#xA;						where cast(p.ExitDate as date) &amp;lt;= cast(GETDATE() as date)&#xD;&#xA;						and p.IsInActive = 0&#xD;&#xA;						&#xD;&#xA;						union&#xD;&#xA;						&#xD;&#xA;						select p1.UID_Person&#xD;&#xA;						from Person p1&#xD;&#xA;						where cast(p1.ExitDate as date) &amp;gt;= cast(GETDATE() as date)&#xD;&#xA;						and p1.IsInActive = 1&#xD;&#xA;						)&quot;)&lt;/Value&gt;&lt;/Op&gt;&lt;/Diff&gt;">
               <Value>&lt;Diff&gt;&lt;Data State="PermissionBased" /&gt;&lt;Op Columnname="Name" Type="Value" ValType="String" AlreadyApplied="True"&gt;&lt;OldValue /&gt;&lt;Value&gt;WhereClause&lt;/Value&gt;&lt;/Op&gt;&lt;Op Columnname="UID_Job" Type="Value" ValType="String" AlreadyApplied="True"&gt;&lt;OldValue /&gt;&lt;Value&gt;CCC-41E1DD5CB7B86C42B26C0A1336C00B02&lt;/Value&gt;&lt;/Op&gt;&lt;Op Columnname="UID_JobParameter" Type="Value" ValType="String" AlreadyApplied="True"&gt;&lt;OldValue /&gt;&lt;Value&gt;QBM-75EE10885A174E579E20918F214F78A4&lt;/Value&gt;&lt;/Op&gt;&lt;Op Columnname="ValueTemplate" Type="Value" ValType="String" AlreadyApplied="True"&gt;&lt;OldValue /&gt;&lt;Value&gt;Value = String.Format("UID_Person in (
						select p.UID_Person
						from Person p
						where cast(p.ExitDate as date) &amp;lt;= cast(GETDATE() as date)
						and p.IsInActive = 0
						
						union
						
						select p1.UID_Person
						from Person p1
						where cast(p1.ExitDate as date) &amp;gt;= cast(GETDATE() as date)
						and p1.IsInActive = 1
						)")&lt;/Value&gt;&lt;/Op&gt;&lt;/Diff&gt;</Value>
            </Column>
            <Column Name="ObjectKey" Display="&lt;Key&gt;&lt;T&gt;JobRunParameter&lt;/T&gt;&lt;P&gt;CCC-41E1DD5CB7B86C42B26C0A1336C00B02&lt;/P&gt;&lt;P&gt;QBM-75EE10885A174E579E20918F214F78A4&lt;/P&gt;&lt;/Key&gt;">
               <Value>&lt;Key&gt;&lt;T&gt;JobRunParameter&lt;/T&gt;&lt;P&gt;CCC-41E1DD5CB7B86C42B26C0A1336C00B02&lt;/P&gt;&lt;P&gt;QBM-75EE10885A174E579E20918F214F78A4&lt;/P&gt;&lt;/Key&gt;</Value>
            </Column>
            <Column Name="SortOrder" Display="3721537360429085">
               <Value>3721537360429085</Value>
            </Column>
            <Column Name="UID_DialogTag" Display="CCC-3BCB6DA974F39D4A904A78836F291813">
               <Key>
                  <Table Name="DialogTag" Display="142.RUMC.ADSAccountTemplRecalc.stelios" Key="CCC-3BCB6DA974F39D4A904A78836F291813">
                     <Prop Name="UID_DialogTag">
                        <Value>CCC-3BCB6DA974F39D4A904A78836F291813</Value>
                     </Prop>
                  </Table>
               </Key>
            </Column>
            <Column Name="UID_QBMTaggedChange" Display="CCC-A5BCA93937D49D46A701249A4B743082">
               <Value>CCC-A5BCA93937D49D46A701249A4B743082</Value>
            </Column>
            <Column Name="XDateInserted" Display="6/17/2025 10:02:16 AM">
               <Value>2025-06-17T08:02:16.1900000Z</Value>
            </Column>
            <Column Name="XDateUpdated" Display="6/17/2025 10:02:16 AM">
               <Value>2025-06-17T08:02:16.1900000Z</Value>
            </Column>
            <Column Name="XMarkedForDeletion">
               <Value>0</Value>
            </Column>
            <Column Name="XObjectKey" Display="&lt;Key&gt;&lt;T&gt;QBMTaggedChange&lt;/T&gt;&lt;P&gt;CCC-A5BCA93937D49D46A701249A4B743082&lt;/P&gt;&lt;/Key&gt;">
               <Value>&lt;Key&gt;&lt;T&gt;QBMTaggedChange&lt;/T&gt;&lt;P&gt;CCC-A5BCA93937D49D46A701249A4B743082&lt;/P&gt;&lt;/Key&gt;</Value>
            </Column>
            <Column Name="XTouched">
               <Value />
            </Column>
            <Column Name="XUserInserted" Display="SteliosK">
               <Value>SteliosK</Value>
            </Column>
            <Column Name="XUserUpdated" Display="SteliosK">
               <Value>SteliosK</Value>
            </Column>
         </Columns>
      </DbObject>
      <DbObject Display="CCC-3BCB6DA974F39D4A904A78836F291813 - &lt;Key&gt;&lt;T&gt;JobRunParameter&lt;/T&gt;&lt;P&gt;CCC-41E1DD5CB7B86C42B26C0A1336C00B02&lt;/P&gt;&lt;P&gt;QBM-75EE10885A174E579E20918F214F78A4&lt;/P&gt;&lt;/Key&gt;" Version="2">
         <Key>
            <Table Name="QBMTaggedChange" Display="CCC-3BCB6DA974F39D4A904A78836F291813 - &lt;Key&gt;&lt;T&gt;JobRunParameter&lt;/T&gt;&lt;P&gt;CCC-41E1DD5CB7B86C42B26C0A1336C00B02&lt;/P&gt;&lt;P&gt;QBM-75EE10885A174E579E20918F214F78A4&lt;/P&gt;&lt;/Key&gt;" Key="CCC-F1598AC8CB9BB848B8FC8A0A6F7CD3F8">
               <Prop Name="UID_QBMTaggedChange">
                  <Value>CCC-F1598AC8CB9BB848B8FC8A0A6F7CD3F8</Value>
               </Prop>
            </Table>
         </Key>
         <Columns>
            <Column Name="ChangeContent" Display="&lt;Diff&gt;&lt;Data State=&quot;Loaded, PermissionBased&quot; /&gt;&lt;Op Columnname=&quot;ValueTemplate&quot; Type=&quot;Value&quot; ValType=&quot;String&quot; AlreadyApplied=&quot;True&quot;&gt;&lt;OldValue&gt;Value = String.Format(&quot;UID_ADSAccount in (&#xD;&#xA;						select a.UID_ADSAccount&#xD;&#xA;						from Person p &#xD;&#xA;						join ADSAccount a on a.UID_Person = p.UID_Person&#xD;&#xA;						join TSBAccountDef ad on ad.UID_TSBAccountDef = a.UID_TSBAccountDef&#xD;&#xA;						join TSBBehavior b on b.UID_TSBBehavior = a.UID_TSBBehavior&#xD;&#xA;						join CCC_OAM_CONTRACTS c on p.PersonnelNumber = c.CCC_PERSON_ID&#xD;&#xA;						left join JobQueue j on j.BasisObjectKey = a.XObjectKey&#xD;&#xA;						where c.CCC_PRIMARY_FLAG = 'Y'&#xD;&#xA;						and b.Ident_TSBBehavior = 'Full managed'&#xD;&#xA;						and cast(p.EntryDate as date) &amp;lt;= cast(GETDATE() as date)&#xD;&#xA;						and ad.CustomProperty01 = '{0}'&#xD;&#xA;						and c.CCC_AD_ACCOUNT_TYPE_CODE &amp;lt;&amp;gt; '1'&#xD;&#xA;						and a.XMarkedForDeletion = 0&#xD;&#xA;						and j.BasisObjectKey is null&#xD;&#xA;						and a.AccountDisabled = 1&#xD;&#xA;						and p.IsInactive = 0&#xD;&#xA;&#xD;&#xA;						union&#xD;&#xA;&#xD;&#xA;						select a1.UID_ADSAccount&#xD;&#xA;						from Person p1&#xD;&#xA;						join ADSAccount a1 on a1.UID_Person = p1.UID_Person&#xD;&#xA;						join TSBAccountDef ad1 on ad1.UID_TSBAccountDef = a1.UID_TSBAccountDef&#xD;&#xA;						join TSBBehavior b1 on b1.UID_TSBBehavior = a1.UID_TSBBehavior&#xD;&#xA;						left join JobQueue j1 on j1.BasisObjectKey = a1.XObjectKey&#xD;&#xA;						where b1.Ident_TSBBehavior = 'Full managed'&#xD;&#xA;						and cast(p1.EntryDate as date) &amp;lt;= cast(GETDATE() as date)&#xD;&#xA;						and ad1.CustomProperty01 in ('{1}','{2}','{3}','{4}')&#xD;&#xA;						and a1.XMarkedForDeletion = 0&#xD;&#xA;						and j1.BasisObjectKey is null&#xD;&#xA;						and a1.AccountDisabled = 1&#xD;&#xA;						and p1.IsInactive = 0&#xD;&#xA;						)&quot;, Connection.GetConfigParm(&quot;Custom\ADS\DomainFullNameAD&quot;), _&#xD;&#xA;							Connection.GetConfigParm(&quot;Custom\ADS\DomainFullNameADTESTZ&quot;), _&#xD;&#xA;							Connection.GetConfigParm(&quot;Custom\ADS\DomainFullNameADMANZ&quot;), _&#xD;&#xA;							Connection.GetConfigParm(&quot;Custom\ADS\DomainFullNameDMZTESTZ&quot;), _&#xD;&#xA;							Connection.GetConfigParm(&quot;Custom\ADS\DomainFullNameDMZMANZ&quot;))&lt;/OldValue&gt;&lt;Value&gt;Value = String.Format(&quot;1=0&quot;)&lt;/Value&gt;&lt;/Op&gt;&lt;/Diff&gt;">
               <Value>&lt;Diff&gt;&lt;Data State="Loaded, PermissionBased" /&gt;&lt;Op Columnname="ValueTemplate" Type="Value" ValType="String" AlreadyApplied="True"&gt;&lt;OldValue&gt;Value = String.Format("UID_ADSAccount in (
						select a.UID_ADSAccount
						from Person p 
						join ADSAccount a on a.UID_Person = p.UID_Person
						join TSBAccountDef ad on ad.UID_TSBAccountDef = a.UID_TSBAccountDef
						join TSBBehavior b on b.UID_TSBBehavior = a.UID_TSBBehavior
						join CCC_OAM_CONTRACTS c on p.PersonnelNumber = c.CCC_PERSON_ID
						left join JobQueue j on j.BasisObjectKey = a.XObjectKey
						where c.CCC_PRIMARY_FLAG = 'Y'
						and b.Ident_TSBBehavior = 'Full managed'
						and cast(p.EntryDate as date) &amp;lt;= cast(GETDATE() as date)
						and ad.CustomProperty01 = '{0}'
						and c.CCC_AD_ACCOUNT_TYPE_CODE &amp;lt;&amp;gt; '1'
						and a.XMarkedForDeletion = 0
						and j.BasisObjectKey is null
						and a.AccountDisabled = 1
						and p.IsInactive = 0

						union

						select a1.UID_ADSAccount
						from Person p1
						join ADSAccount a1 on a1.UID_Person = p1.UID_Person
						join TSBAccountDef ad1 on ad1.UID_TSBAccountDef = a1.UID_TSBAccountDef
						join TSBBehavior b1 on b1.UID_TSBBehavior = a1.UID_TSBBehavior
						left join JobQueue j1 on j1.BasisObjectKey = a1.XObjectKey
						where b1.Ident_TSBBehavior = 'Full managed'
						and cast(p1.EntryDate as date) &amp;lt;= cast(GETDATE() as date)
						and ad1.CustomProperty01 in ('{1}','{2}','{3}','{4}')
						and a1.XMarkedForDeletion = 0
						and j1.BasisObjectKey is null
						and a1.AccountDisabled = 1
						and p1.IsInactive = 0
						)", Connection.GetConfigParm("Custom\ADS\DomainFullNameAD"), _
							Connection.GetConfigParm("Custom\ADS\DomainFullNameADTESTZ"), _
							Connection.GetConfigParm("Custom\ADS\DomainFullNameADMANZ"), _
							Connection.GetConfigParm("Custom\ADS\DomainFullNameDMZTESTZ"), _
							Connection.GetConfigParm("Custom\ADS\DomainFullNameDMZMANZ"))&lt;/OldValue&gt;&lt;Value&gt;Value = String.Format("1=0")&lt;/Value&gt;&lt;/Op&gt;&lt;/Diff&gt;</Value>
            </Column>
            <Column Name="ObjectKey" Display="&lt;Key&gt;&lt;T&gt;JobRunParameter&lt;/T&gt;&lt;P&gt;CCC-41E1DD5CB7B86C42B26C0A1336C00B02&lt;/P&gt;&lt;P&gt;QBM-75EE10885A174E579E20918F214F78A4&lt;/P&gt;&lt;/Key&gt;">
               <Value>&lt;Key&gt;&lt;T&gt;JobRunParameter&lt;/T&gt;&lt;P&gt;CCC-41E1DD5CB7B86C42B26C0A1336C00B02&lt;/P&gt;&lt;P&gt;QBM-75EE10885A174E579E20918F214F78A4&lt;/P&gt;&lt;/Key&gt;</Value>
            </Column>
            <Column Name="SortOrder" Display="3721586246156288">
               <Value>3721586246156288</Value>
            </Column>
            <Column Name="UID_DialogTag" Display="CCC-3BCB6DA974F39D4A904A78836F291813">
               <Key>
                  <Table Name="DialogTag" Display="142.RUMC.ADSAccountTemplRecalc.stelios" Key="CCC-3BCB6DA974F39D4A904A78836F291813">
                     <Prop Name="UID_DialogTag">
                        <Value>CCC-3BCB6DA974F39D4A904A78836F291813</Value>
                     </Prop>
                  </Table>
               </Key>
            </Column>
            <Column Name="UID_QBMTaggedChange" Display="CCC-F1598AC8CB9BB848B8FC8A0A6F7CD3F8">
               <Value>CCC-F1598AC8CB9BB848B8FC8A0A6F7CD3F8</Value>
            </Column>
            <Column Name="XDateInserted" Display="6/17/2025 11:23:44 AM">
               <Value>2025-06-17T09:23:44.7170000Z</Value>
            </Column>
            <Column Name="XDateUpdated" Display="6/17/2025 11:23:44 AM">
               <Value>2025-06-17T09:23:44.7170000Z</Value>
            </Column>
            <Column Name="XMarkedForDeletion">
               <Value>0</Value>
            </Column>
            <Column Name="XObjectKey" Display="&lt;Key&gt;&lt;T&gt;QBMTaggedChange&lt;/T&gt;&lt;P&gt;CCC-F1598AC8CB9BB848B8FC8A0A6F7CD3F8&lt;/P&gt;&lt;/Key&gt;">
               <Value>&lt;Key&gt;&lt;T&gt;QBMTaggedChange&lt;/T&gt;&lt;P&gt;CCC-F1598AC8CB9BB848B8FC8A0A6F7CD3F8&lt;/P&gt;&lt;/Key&gt;</Value>
            </Column>
            <Column Name="XTouched">
               <Value />
            </Column>
            <Column Name="XUserInserted" Display="KostasO">
               <Value>KostasO</Value>
            </Column>
            <Column Name="XUserUpdated" Display="KostasO">
               <Value>KostasO</Value>
            </Column>
         </Columns>
      </DbObject>
      <DbObject Display="CCC-3BCB6DA974F39D4A904A78836F291813 - &lt;Key&gt;&lt;T&gt;JobRunParameter&lt;/T&gt;&lt;P&gt;CCC-41E1DD5CB7B86C42B26C0A1336C00B02&lt;/P&gt;&lt;P&gt;QBM-CCDFA805866E474693A9C6239570678A&lt;/P&gt;&lt;/Key&gt;" Version="2">
         <Key>
            <Table Name="QBMTaggedChange" Display="CCC-3BCB6DA974F39D4A904A78836F291813 - &lt;Key&gt;&lt;T&gt;JobRunParameter&lt;/T&gt;&lt;P&gt;CCC-41E1DD5CB7B86C42B26C0A1336C00B02&lt;/P&gt;&lt;P&gt;QBM-CCDFA805866E474693A9C6239570678A&lt;/P&gt;&lt;/Key&gt;" Key="CCC-38D4A76F97009747ADEC1EAA36472063">
               <Prop Name="UID_QBMTaggedChange">
                  <Value>CCC-38D4A76F97009747ADEC1EAA36472063</Value>
               </Prop>
            </Table>
         </Key>
         <Columns>
            <Column Name="ChangeContent" Display="&lt;Diff&gt;&lt;Data State=&quot;PermissionBased&quot; /&gt;&lt;Op Columnname=&quot;Name&quot; Type=&quot;Value&quot; ValType=&quot;String&quot; AlreadyApplied=&quot;True&quot;&gt;&lt;OldValue /&gt;&lt;Value&gt;ConnectionProvider&lt;/Value&gt;&lt;/Op&gt;&lt;Op Columnname=&quot;UID_Job&quot; Type=&quot;Value&quot; ValType=&quot;String&quot; AlreadyApplied=&quot;True&quot;&gt;&lt;OldValue /&gt;&lt;Value&gt;CCC-41E1DD5CB7B86C42B26C0A1336C00B02&lt;/Value&gt;&lt;/Op&gt;&lt;Op Columnname=&quot;UID_JobParameter&quot; Type=&quot;Value&quot; ValType=&quot;String&quot; AlreadyApplied=&quot;True&quot;&gt;&lt;OldValue /&gt;&lt;Value&gt;QBM-CCDFA805866E474693A9C6239570678A&lt;/Value&gt;&lt;/Op&gt;&lt;Op Columnname=&quot;ValueTemplate&quot; Type=&quot;Value&quot; ValType=&quot;String&quot; AlreadyApplied=&quot;True&quot;&gt;&lt;OldValue /&gt;&lt;Value&gt;Value = ConnectionInfo.ConnectionProvider&lt;/Value&gt;&lt;/Op&gt;&lt;/Diff&gt;">
               <Value>&lt;Diff&gt;&lt;Data State="PermissionBased" /&gt;&lt;Op Columnname="Name" Type="Value" ValType="String" AlreadyApplied="True"&gt;&lt;OldValue /&gt;&lt;Value&gt;ConnectionProvider&lt;/Value&gt;&lt;/Op&gt;&lt;Op Columnname="UID_Job" Type="Value" ValType="String" AlreadyApplied="True"&gt;&lt;OldValue /&gt;&lt;Value&gt;CCC-41E1DD5CB7B86C42B26C0A1336C00B02&lt;/Value&gt;&lt;/Op&gt;&lt;Op Columnname="UID_JobParameter" Type="Value" ValType="String" AlreadyApplied="True"&gt;&lt;OldValue /&gt;&lt;Value&gt;QBM-CCDFA805866E474693A9C6239570678A&lt;/Value&gt;&lt;/Op&gt;&lt;Op Columnname="ValueTemplate" Type="Value" ValType="String" AlreadyApplied="True"&gt;&lt;OldValue /&gt;&lt;Value&gt;Value = ConnectionInfo.ConnectionProvider&lt;/Value&gt;&lt;/Op&gt;&lt;/Diff&gt;</Value>
            </Column>
            <Column Name="ObjectKey" Display="&lt;Key&gt;&lt;T&gt;JobRunParameter&lt;/T&gt;&lt;P&gt;CCC-41E1DD5CB7B86C42B26C0A1336C00B02&lt;/P&gt;&lt;P&gt;QBM-CCDFA805866E474693A9C6239570678A&lt;/P&gt;&lt;/Key&gt;">
               <Value>&lt;Key&gt;&lt;T&gt;JobRunParameter&lt;/T&gt;&lt;P&gt;CCC-41E1DD5CB7B86C42B26C0A1336C00B02&lt;/P&gt;&lt;P&gt;QBM-CCDFA805866E474693A9C6239570678A&lt;/P&gt;&lt;/Key&gt;</Value>
            </Column>
            <Column Name="SortOrder" Display="3721537360363546">
               <Value>3721537360363546</Value>
            </Column>
            <Column Name="UID_DialogTag" Display="CCC-3BCB6DA974F39D4A904A78836F291813">
               <Key>
                  <Table Name="DialogTag" Display="142.RUMC.ADSAccountTemplRecalc.stelios" Key="CCC-3BCB6DA974F39D4A904A78836F291813">
                     <Prop Name="UID_DialogTag">
                        <Value>CCC-3BCB6DA974F39D4A904A78836F291813</Value>
                     </Prop>
                  </Table>
               </Key>
            </Column>
            <Column Name="UID_QBMTaggedChange" Display="CCC-38D4A76F97009747ADEC1EAA36472063">
               <Value>CCC-38D4A76F97009747ADEC1EAA36472063</Value>
            </Column>
            <Column Name="XDateInserted" Display="6/17/2025 10:02:16 AM">
               <Value>2025-06-17T08:02:16.1830000Z</Value>
            </Column>
            <Column Name="XDateUpdated" Display="6/17/2025 10:02:16 AM">
               <Value>2025-06-17T08:02:16.1830000Z</Value>
            </Column>
            <Column Name="XMarkedForDeletion">
               <Value>0</Value>
            </Column>
            <Column Name="XObjectKey" Display="&lt;Key&gt;&lt;T&gt;QBMTaggedChange&lt;/T&gt;&lt;P&gt;CCC-38D4A76F97009747ADEC1EAA36472063&lt;/P&gt;&lt;/Key&gt;">
               <Value>&lt;Key&gt;&lt;T&gt;QBMTaggedChange&lt;/T&gt;&lt;P&gt;CCC-38D4A76F97009747ADEC1EAA36472063&lt;/P&gt;&lt;/Key&gt;</Value>
            </Column>
            <Column Name="XTouched">
               <Value />
            </Column>
            <Column Name="XUserInserted" Display="SteliosK">
               <Value>SteliosK</Value>
            </Column>
            <Column Name="XUserUpdated" Display="SteliosK">
               <Value>SteliosK</Value>
            </Column>
         </Columns>
      </DbObject>
      <DbObject Display="CCC-3BCB6DA974F39D4A904A78836F291813 - &lt;Key&gt;&lt;T&gt;JobRunParameter&lt;/T&gt;&lt;P&gt;CCC-41E1DD5CB7B86C42B26C0A1336C00B02&lt;/P&gt;&lt;P&gt;QBM-EBF9919C602C4AC6B1969BB8407B6756&lt;/P&gt;&lt;/Key&gt;" Version="2">
         <Key>
            <Table Name="QBMTaggedChange" Display="CCC-3BCB6DA974F39D4A904A78836F291813 - &lt;Key&gt;&lt;T&gt;JobRunParameter&lt;/T&gt;&lt;P&gt;CCC-41E1DD5CB7B86C42B26C0A1336C00B02&lt;/P&gt;&lt;P&gt;QBM-EBF9919C602C4AC6B1969BB8407B6756&lt;/P&gt;&lt;/Key&gt;" Key="CCC-32C498253E492B42BA92FD3454AEA8B8">
               <Prop Name="UID_QBMTaggedChange">
                  <Value>CCC-32C498253E492B42BA92FD3454AEA8B8</Value>
               </Prop>
            </Table>
         </Key>
         <Columns>
            <Column Name="ChangeContent" Display="&lt;Diff&gt;&lt;Data State=&quot;PermissionBased&quot; /&gt;&lt;Op Columnname=&quot;Name&quot; Type=&quot;Value&quot; ValType=&quot;String&quot; AlreadyApplied=&quot;True&quot;&gt;&lt;OldValue /&gt;&lt;Value&gt;ConnectionString&lt;/Value&gt;&lt;/Op&gt;&lt;Op Columnname=&quot;UID_Job&quot; Type=&quot;Value&quot; ValType=&quot;String&quot; AlreadyApplied=&quot;True&quot;&gt;&lt;OldValue /&gt;&lt;Value&gt;CCC-41E1DD5CB7B86C42B26C0A1336C00B02&lt;/Value&gt;&lt;/Op&gt;&lt;Op Columnname=&quot;UID_JobParameter&quot; Type=&quot;Value&quot; ValType=&quot;String&quot; AlreadyApplied=&quot;True&quot;&gt;&lt;OldValue /&gt;&lt;Value&gt;QBM-EBF9919C602C4AC6B1969BB8407B6756&lt;/Value&gt;&lt;/Op&gt;&lt;Op Columnname=&quot;ValueTemplate&quot; Type=&quot;Value&quot; ValType=&quot;String&quot; AlreadyApplied=&quot;True&quot;&gt;&lt;OldValue /&gt;&lt;Value&gt;Value = ConnectionInfo.ConnectionString&lt;/Value&gt;&lt;/Op&gt;&lt;/Diff&gt;">
               <Value>&lt;Diff&gt;&lt;Data State="PermissionBased" /&gt;&lt;Op Columnname="Name" Type="Value" ValType="String" AlreadyApplied="True"&gt;&lt;OldValue /&gt;&lt;Value&gt;ConnectionString&lt;/Value&gt;&lt;/Op&gt;&lt;Op Columnname="UID_Job" Type="Value" ValType="String" AlreadyApplied="True"&gt;&lt;OldValue /&gt;&lt;Value&gt;CCC-41E1DD5CB7B86C42B26C0A1336C00B02&lt;/Value&gt;&lt;/Op&gt;&lt;Op Columnname="UID_JobParameter" Type="Value" ValType="String" AlreadyApplied="True"&gt;&lt;OldValue /&gt;&lt;Value&gt;QBM-EBF9919C602C4AC6B1969BB8407B6756&lt;/Value&gt;&lt;/Op&gt;&lt;Op Columnname="ValueTemplate" Type="Value" ValType="String" AlreadyApplied="True"&gt;&lt;OldValue /&gt;&lt;Value&gt;Value = ConnectionInfo.ConnectionString&lt;/Value&gt;&lt;/Op&gt;&lt;/Diff&gt;</Value>
            </Column>
            <Column Name="ObjectKey" Display="&lt;Key&gt;&lt;T&gt;JobRunParameter&lt;/T&gt;&lt;P&gt;CCC-41E1DD5CB7B86C42B26C0A1336C00B02&lt;/P&gt;&lt;P&gt;QBM-EBF9919C602C4AC6B1969BB8407B6756&lt;/P&gt;&lt;/Key&gt;">
               <Value>&lt;Key&gt;&lt;T&gt;JobRunParameter&lt;/T&gt;&lt;P&gt;CCC-41E1DD5CB7B86C42B26C0A1336C00B02&lt;/P&gt;&lt;P&gt;QBM-EBF9919C602C4AC6B1969BB8407B6756&lt;/P&gt;&lt;/Key&gt;</Value>
            </Column>
            <Column Name="SortOrder" Display="3721537360363547">
               <Value>3721537360363547</Value>
            </Column>
            <Column Name="UID_DialogTag" Display="CCC-3BCB6DA974F39D4A904A78836F291813">
               <Key>
                  <Table Name="DialogTag" Display="142.RUMC.ADSAccountTemplRecalc.stelios" Key="CCC-3BCB6DA974F39D4A904A78836F291813">
                     <Prop Name="UID_DialogTag">
                        <Value>CCC-3BCB6DA974F39D4A904A78836F291813</Value>
                     </Prop>
                  </Table>
               </Key>
            </Column>
            <Column Name="UID_QBMTaggedChange" Display="CCC-32C498253E492B42BA92FD3454AEA8B8">
               <Value>CCC-32C498253E492B42BA92FD3454AEA8B8</Value>
            </Column>
            <Column Name="XDateInserted" Display="6/17/2025 10:02:16 AM">
               <Value>2025-06-17T08:02:16.1870000Z</Value>
            </Column>
            <Column Name="XDateUpdated" Display="6/17/2025 10:02:16 AM">
               <Value>2025-06-17T08:02:16.1870000Z</Value>
            </Column>
            <Column Name="XMarkedForDeletion">
               <Value>0</Value>
            </Column>
            <Column Name="XObjectKey" Display="&lt;Key&gt;&lt;T&gt;QBMTaggedChange&lt;/T&gt;&lt;P&gt;CCC-32C498253E492B42BA92FD3454AEA8B8&lt;/P&gt;&lt;/Key&gt;">
               <Value>&lt;Key&gt;&lt;T&gt;QBMTaggedChange&lt;/T&gt;&lt;P&gt;CCC-32C498253E492B42BA92FD3454AEA8B8&lt;/P&gt;&lt;/Key&gt;</Value>
            </Column>
            <Column Name="XTouched">
               <Value />
            </Column>
            <Column Name="XUserInserted" Display="SteliosK">
               <Value>SteliosK</Value>
            </Column>
            <Column Name="XUserUpdated" Display="SteliosK">
               <Value>SteliosK</Value>
            </Column>
         </Columns>
      </DbObject>
   </DbObjects>
</Container>